<Anims>
 <anim name="anim" root="status_meter_fear" numframes="5350" framerate="40">
  <frame idx="0" w="75" h="75" x="-4.799915" y="-4.799915">
   <element name="level" layername="level" frame="0" z_index="5" m_a="0.866669" m_b="0.000000" m_c="0.000000" m_d="0.866669" m_tx="0.000000" m_ty="0.000000"/>
  </frame>
  <frame idx="25" w="75" h="75" x="-4.799915" y="-4.927376">
   <element name="level" layername="level" frame="0" z_index="5" m_a="0.866669" m_b="0.000000" m_c="0.000000" m_d="0.866669" m_tx="0.000000" m_ty="-0.127461"/>
  </frame>
  <frame idx="50" w="75" h="75" x="-4.799915" y="-5.020115">
   <element name="level" layername="level" frame="1" z_index="5" m_a="0.866669" m_b="0.000000" m_c="0.000000" m_d="0.866669" m_tx="0.000000" m_ty="-0.420214"/>
  </frame>
  <frame idx="75" w="75" h="75" x="-4.799915" y="-5.276386">
   <element name="level" layername="level" frame="1" z_index="5" m_a="0.866669" m_b="0.000000" m_c="0.000000" m_d="0.866669" m_tx="0.000000" m_ty="-0.676485"/>
  </frame>
  <frame idx="100" w="75" h="75" x="-4.799915" y="-5.203259">
   <element name="level" layername="level" frame="3" z_index="5" m_a="0.866669" m_b="0.000000" m_c="0.000000" m_d="0.866669" m_tx="0.000000" m_ty="-0.953348"/>
  </frame>
  <frame idx="125" w="75" h="75" x="-4.799915" y="-5.330719">
   <element name="level" layername="level" frame="3" z_index="5" m_a="0.866669" m_b="0.000000" m_c="0.000000" m_d="0.866669" m_tx="0.000000" m_ty="-1.080810"/>
  </frame>
  <frame idx="150" w="75" h="75" x="-4.799915" y="-5.433952">
   <element name="level" layername="level" frame="4" z_index="5" m_a="0.866669" m_b="0.000000" m_c="0.000000" m_d="0.866669" m_tx="0.000000" m_ty="-1.384062"/>
  </frame>
  <frame idx="175" w="75" h="75" x="-4.799915" y="-5.533337">
   <element name="level" layername="level" frame="5" z_index="5" m_a="0.866669" m_b="0.000000" m_c="0.000000" m_d="0.866669" m_tx="0.000000" m_ty="-1.683393"/>
  </frame>
  <frame idx="200" w="75" h="76" x="-4.799915" y="-5.624920">
   <element name="level" layername="level" frame="6" z_index="5" m_a="0.866669" m_b="0.000000" m_c="0.000000" m_d="0.866669" m_tx="0.000000" m_ty="-1.950006"/>
  </frame>
  <frame idx="225" w="75" h="76" x="-4.799915" y="-5.752377">
   <element name="level" layername="level" frame="6" z_index="5" m_a="0.866669" m_b="0.000000" m_c="0.000000" m_d="0.866669" m_tx="0.000000" m_ty="-2.077463"/>
  </frame>
  <frame idx="250" w="75" h="76" x="-4.799915" y="-5.845119">
   <element name="level" layername="level" frame="7" z_index="5" m_a="0.866669" m_b="0.000000" m_c="0.000000" m_d="0.866669" m_tx="0.000000" m_ty="-2.370220"/>
  </frame>
  <frame idx="275" w="75" h="76" x="-4.799915" y="-5.957371">
   <element name="level" layername="level" frame="8" z_index="5" m_a="0.866669" m_b="0.000000" m_c="0.000000" m_d="0.866669" m_tx="0.000000" m_ty="-2.657434"/>
  </frame>
  <frame idx="300" w="75" h="72" x="-4.799915" y="-5.761580">
   <element name="level" layername="level" frame="9" z_index="5" m_a="0.866669" m_b="0.000000" m_c="0.000000" m_d="0.866669" m_tx="0.000000" m_ty="-2.903298"/>
  </frame>
  <frame idx="325" w="75" h="72" x="-4.799915" y="-5.889071">
   <element name="level" layername="level" frame="9" z_index="5" m_a="0.866669" m_b="0.000000" m_c="0.000000" m_d="0.866669" m_tx="0.000000" m_ty="-3.030788"/>
  </frame>
  <frame idx="350" w="75" h="73" x="-4.799915" y="-6.180719">
   <element name="level" layername="level" frame="9" z_index="5" m_a="0.866669" m_b="0.000000" m_c="0.000000" m_d="0.866669" m_tx="0.000000" m_ty="-3.322436"/>
  </frame>
  <frame idx="375" w="75" h="73" x="-4.799915" y="-6.279726">
   <element name="level" layername="level" frame="10" z_index="5" m_a="0.866669" m_b="0.000000" m_c="0.000000" m_d="0.866669" m_tx="0.000000" m_ty="-3.621501"/>
  </frame>
  <frame idx="400" w="75" h="73" x="-4.799915" y="-6.347559">
   <element name="level" layername="level" frame="11" z_index="5" m_a="0.866669" m_b="0.000000" m_c="0.000000" m_d="0.866669" m_tx="0.000000" m_ty="-3.889323"/>
  </frame>
  <frame idx="425" w="75" h="73" x="-4.799915" y="-6.290331">
   <element name="level" layername="level" frame="12" z_index="5" m_a="0.866669" m_b="0.000000" m_c="0.000000" m_d="0.866669" m_tx="0.000000" m_ty="-4.007061"/>
  </frame>
  <frame idx="450" w="75" h="73" x="-4.799915" y="-6.559641">
   <element name="level" layername="level" frame="12" z_index="5" m_a="0.866669" m_b="0.000000" m_c="0.000000" m_d="0.866669" m_tx="0.000000" m_ty="-4.276371"/>
  </frame>
  <frame idx="475" w="75" h="73" x="-4.799915" y="-6.688093">
   <element name="level" layername="level" frame="13" z_index="5" m_a="0.866669" m_b="0.000000" m_c="0.000000" m_d="0.866669" m_tx="0.000000" m_ty="-4.579854"/>
  </frame>
  <frame idx="500" w="75" h="73" x="-4.799915" y="-6.792730">
   <element name="level" layername="level" frame="14" z_index="5" m_a="0.866669" m_b="0.000000" m_c="0.000000" m_d="0.866669" m_tx="0.000000" m_ty="-4.884479"/>
  </frame>
  <frame idx="525" w="75" h="73" x="-4.799915" y="-6.712004">
   <element name="level" layername="level" frame="15" z_index="5" m_a="0.866669" m_b="0.000000" m_c="0.000000" m_d="0.866669" m_tx="0.000000" m_ty="-5.003743"/>
  </frame>
  <frame idx="550" w="75" h="73" x="-4.799915" y="-6.971224">
   <element name="level" layername="level" frame="15" z_index="5" m_a="0.866669" m_b="0.000000" m_c="0.000000" m_d="0.866669" m_tx="0.000000" m_ty="-5.262962"/>
  </frame>
  <frame idx="575" w="75" h="74" x="-4.799915" y="-7.067705">
   <element name="level" layername="level" frame="16" z_index="5" m_a="0.866669" m_b="0.000000" m_c="0.000000" m_d="0.866669" m_tx="0.000000" m_ty="-5.534472"/>
  </frame>
  <frame idx="600" w="75" h="74" x="-4.799915" y="-7.196058">
   <element name="level" layername="level" frame="17" z_index="5" m_a="0.866669" m_b="0.000000" m_c="0.000000" m_d="0.866669" m_tx="0.000000" m_ty="-5.837792"/>
  </frame>
  <frame idx="625" w="75" h="74" x="-4.799915" y="-7.267302">
   <element name="level" layername="level" frame="18" z_index="5" m_a="0.866669" m_b="0.000000" m_c="0.000000" m_d="0.866669" m_tx="0.000000" m_ty="-6.109024"/>
  </frame>
  <frame idx="650" w="75" h="74" x="-4.799915" y="-7.608355">
   <element name="level" layername="level" frame="18" z_index="5" m_a="0.866669" m_b="0.000000" m_c="0.000000" m_d="0.866669" m_tx="0.000000" m_ty="-6.450077"/>
  </frame>
  <frame idx="675" w="75" h="70" x="-4.799915" y="-7.222803">
   <element name="level" layername="level" frame="19" z_index="5" m_a="0.866669" m_b="0.000000" m_c="0.000000" m_d="0.866669" m_tx="0.000000" m_ty="-6.531188"/>
  </frame>
  <frame idx="700" w="75" h="70" x="-4.799915" y="-7.351107">
   <element name="level" layername="level" frame="20" z_index="5" m_a="0.866669" m_b="0.000000" m_c="0.000000" m_d="0.866669" m_tx="0.000000" m_ty="-6.834530"/>
  </frame>
  <frame idx="725" w="75" h="70" x="-4.799915" y="-7.270334">
   <element name="level" layername="level" frame="21" z_index="5" m_a="0.866669" m_b="0.000000" m_c="0.000000" m_d="0.866669" m_tx="0.000000" m_ty="-6.953756"/>
  </frame>
  <frame idx="750" w="75" h="70" x="-4.799915" y="-7.529524">
   <element name="level" layername="level" frame="21" z_index="5" m_a="0.866669" m_b="0.000000" m_c="0.000000" m_d="0.866669" m_tx="0.000000" m_ty="-7.212949"/>
  </frame>
  <frame idx="775" w="75" h="71" x="-4.799915" y="-7.626162">
   <element name="level" layername="level" frame="22" z_index="5" m_a="0.866669" m_b="0.000000" m_c="0.000000" m_d="0.866669" m_tx="0.000000" m_ty="-7.484561"/>
  </frame>
  <frame idx="800" w="75" h="71" x="-4.799915" y="-7.754450">
   <element name="level" layername="level" frame="23" z_index="5" m_a="0.866669" m_b="0.000000" m_c="0.000000" m_d="0.866669" m_tx="0.000000" m_ty="-7.787891"/>
  </frame>
  <frame idx="825" w="75" h="71" x="-4.799915" y="-7.688951">
   <element name="level" layername="level" frame="24" z_index="5" m_a="0.866669" m_b="0.000000" m_c="0.000000" m_d="0.866669" m_tx="0.000000" m_ty="-7.922391"/>
  </frame>
  <frame idx="850" w="75" h="71" x="-4.799915" y="-7.975039">
   <element name="level" layername="level" frame="24" z_index="5" m_a="0.866669" m_b="0.000000" m_c="0.000000" m_d="0.866669" m_tx="0.000000" m_ty="-8.208477"/>
  </frame>
  <frame idx="875" w="75" h="71" x="-4.799915" y="-8.042761">
   <element name="level" layername="level" frame="25" z_index="5" m_a="0.866669" m_b="0.000000" m_c="0.000000" m_d="0.866669" m_tx="0.000000" m_ty="-8.476133"/>
  </frame>
  <frame idx="900" w="75" h="71" x="-4.799915" y="-8.134256">
   <element name="level" layername="level" frame="26" z_index="5" m_a="0.866669" m_b="0.000000" m_c="0.000000" m_d="0.866669" m_tx="0.000000" m_ty="-8.742673"/>
  </frame>
  <frame idx="925" w="75" h="71" x="-4.799915" y="-8.092295">
   <element name="level" layername="level" frame="27" z_index="5" m_a="0.866669" m_b="0.000000" m_c="0.000000" m_d="0.866669" m_tx="0.000000" m_ty="-8.875687"/>
  </frame>
  <frame idx="950" w="75" h="71" x="-4.799915" y="-8.388517">
   <element name="level" layername="level" frame="27" z_index="5" m_a="0.866669" m_b="0.000000" m_c="0.000000" m_d="0.866669" m_tx="0.000000" m_ty="-9.171909"/>
  </frame>
  <frame idx="975" w="75" h="72" x="-4.799915" y="-8.563704">
   <element name="level" layername="level" frame="28" z_index="5" m_a="0.866669" m_b="0.000000" m_c="0.000000" m_d="0.866669" m_tx="0.000000" m_ty="-9.547096"/>
  </frame>
  <frame idx="1000" w="75" h="72" x="-4.799915" y="-8.871119">
   <element name="level" layername="level" frame="29" z_index="5" m_a="0.866669" m_b="0.000000" m_c="0.000000" m_d="0.866669" m_tx="0.000000" m_ty="-10.054512"/>
  </frame>
  <frame idx="1025" w="75" h="68" x="-4.799915" y="-8.232031">
   <element name="level" layername="level" frame="30" z_index="5" m_a="0.866669" m_b="0.000000" m_c="0.000000" m_d="0.866669" m_tx="0.000000" m_ty="-9.857101"/>
  </frame>
  <frame idx="1050" w="75" h="68" x="-4.799915" y="-8.501322">
   <element name="level" layername="level" frame="30" z_index="5" m_a="0.866669" m_b="0.000000" m_c="0.000000" m_d="0.866669" m_tx="0.000000" m_ty="-10.126392"/>
  </frame>
  <frame idx="1075" w="75" h="68" x="-4.799915" y="-8.629774">
   <element name="level" layername="level" frame="31" z_index="5" m_a="0.866669" m_b="0.000000" m_c="0.000000" m_d="0.866669" m_tx="0.000000" m_ty="-10.429861"/>
  </frame>
  <frame idx="1100" w="75" h="68" x="-4.799915" y="-8.546606">
   <element name="level" layername="level" frame="33" z_index="5" m_a="0.866669" m_b="0.000000" m_c="0.000000" m_d="0.866669" m_tx="0.000000" m_ty="-10.746660"/>
  </frame>
  <frame idx="1125" w="75" h="68" x="-4.799915" y="-8.658140">
   <element name="level" layername="level" frame="33" z_index="5" m_a="0.866669" m_b="0.000000" m_c="0.000000" m_d="0.866669" m_tx="0.000000" m_ty="-10.858191"/>
  </frame>
  <frame idx="1150" w="75" h="68" x="-4.799915" y="-8.758993">
   <element name="level" layername="level" frame="34" z_index="5" m_a="0.866669" m_b="0.000000" m_c="0.000000" m_d="0.866669" m_tx="0.000000" m_ty="-11.134064"/>
  </frame>
  <frame idx="1175" w="75" h="68" x="-4.799915" y="-8.857298">
   <element name="level" layername="level" frame="35" z_index="5" m_a="0.866669" m_b="0.000000" m_c="0.000000" m_d="0.866669" m_tx="0.000000" m_ty="-11.432352"/>
  </frame>
  <frame idx="1200" w="75" h="68" x="-4.799915" y="-8.968832">
   <element name="level" layername="level" frame="35" z_index="5" m_a="0.866669" m_b="0.000000" m_c="0.000000" m_d="0.866669" m_tx="0.000000" m_ty="-11.543882"/>
  </frame>
  <frame idx="1225" w="75" h="69" x="-4.799915" y="-9.060278">
   <element name="level" layername="level" frame="36" z_index="5" m_a="0.866669" m_b="0.000000" m_c="0.000000" m_d="0.866669" m_tx="0.000000" m_ty="-11.810347"/>
  </frame>
  <frame idx="1250" w="75" h="69" x="-4.799915" y="-9.162344">
   <element name="level" layername="level" frame="37" z_index="5" m_a="0.866669" m_b="0.000000" m_c="0.000000" m_d="0.866669" m_tx="0.000000" m_ty="-12.087431"/>
  </frame>
  <frame idx="1275" w="75" h="69" x="-4.799915" y="-9.265745">
   <element name="level" layername="level" frame="38" z_index="5" m_a="0.866669" m_b="0.000000" m_c="0.000000" m_d="0.866669" m_tx="0.000000" m_ty="-12.390816"/>
  </frame>
  <frame idx="1300" w="75" h="69" x="-4.799915" y="-9.393187">
   <element name="level" layername="level" frame="38" z_index="5" m_a="0.866669" m_b="0.000000" m_c="0.000000" m_d="0.866669" m_tx="0.000000" m_ty="-12.518255"/>
  </frame>
  <frame idx="1325" w="75" h="69" x="-4.799915" y="-9.481932">
   <element name="level" layername="level" frame="39" z_index="5" m_a="0.866669" m_b="0.000000" m_c="0.000000" m_d="0.866669" m_tx="0.000000" m_ty="-12.806984"/>
  </frame>
  <frame idx="1350" w="75" h="69" x="-4.799915" y="-9.803877">
   <element name="level" layername="level" frame="40" z_index="5" m_a="0.866669" m_b="0.000000" m_c="0.000000" m_d="0.866669" m_tx="0.000000" m_ty="-13.303947"/>
  </frame>
  <frame idx="1375" w="75" h="64" x="-4.799915" y="-9.402439">
   <element name="level" layername="level" frame="41" z_index="5" m_a="0.866669" m_b="0.000000" m_c="0.000000" m_d="0.866669" m_tx="0.000000" m_ty="-13.344196"/>
  </frame>
  <frame idx="1400" w="75" h="65" x="-4.799915" y="-9.529869">
   <element name="level" layername="level" frame="41" z_index="5" m_a="0.866669" m_b="0.000000" m_c="0.000000" m_d="0.866669" m_tx="0.000000" m_ty="-13.471626"/>
  </frame>
  <frame idx="1425" w="75" h="65" x="-4.799915" y="-9.634346">
   <element name="level" layername="level" frame="42" z_index="5" m_a="0.866669" m_b="0.000000" m_c="0.000000" m_d="0.866669" m_tx="0.000000" m_ty="-13.776078"/>
  </frame>
  <frame idx="1450" w="75" h="65" x="-4.799915" y="-9.728493">
   <element name="level" layername="level" frame="43" z_index="5" m_a="0.866669" m_b="0.000000" m_c="0.000000" m_d="0.866669" m_tx="0.000000" m_ty="-14.070200"/>
  </frame>
  <frame idx="1475" w="75" h="65" x="-4.799915" y="-9.818970">
   <element name="level" layername="level" frame="44" z_index="5" m_a="0.866669" m_b="0.000000" m_c="0.000000" m_d="0.866669" m_tx="0.000000" m_ty="-14.335678"/>
  </frame>
  <frame idx="1500" w="75" h="65" x="-4.799915" y="-9.930489">
   <element name="level" layername="level" frame="44" z_index="5" m_a="0.866669" m_b="0.000000" m_c="0.000000" m_d="0.866669" m_tx="0.000000" m_ty="-14.447198"/>
  </frame>
  <frame idx="1525" w="75" h="65" x="-4.799915" y="-10.037708">
   <element name="level" layername="level" frame="45" z_index="5" m_a="0.866669" m_b="0.000000" m_c="0.000000" m_d="0.866669" m_tx="0.000000" m_ty="-14.729416"/>
  </frame>
  <frame idx="1550" w="75" h="65" x="-4.799915" y="-10.142349">
   <element name="level" layername="level" frame="46" z_index="5" m_a="0.866669" m_b="0.000000" m_c="0.000000" m_d="0.866669" m_tx="0.000000" m_ty="-15.034086"/>
  </frame>
  <frame idx="1575" w="75" h="65" x="-4.799915" y="-10.240654">
   <element name="level" layername="level" frame="47" z_index="5" m_a="0.866669" m_b="0.000000" m_c="0.000000" m_d="0.866669" m_tx="0.000000" m_ty="-15.332371"/>
  </frame>
  <frame idx="1600" w="75" h="65" x="-4.799915" y="-10.352177">
   <element name="level" layername="level" frame="47" z_index="5" m_a="0.866669" m_b="0.000000" m_c="0.000000" m_d="0.866669" m_tx="0.000000" m_ty="-15.443892"/>
  </frame>
  <frame idx="1625" w="75" h="65" x="-4.799915" y="-10.459385">
   <element name="level" layername="level" frame="48" z_index="5" m_a="0.866669" m_b="0.000000" m_c="0.000000" m_d="0.866669" m_tx="0.000000" m_ty="-15.726095"/>
  </frame>
  <frame idx="1650" w="75" h="66" x="-4.799915" y="-10.553524">
   <element name="level" layername="level" frame="49" z_index="5" m_a="0.866669" m_b="0.000000" m_c="0.000000" m_d="0.866669" m_tx="0.000000" m_ty="-16.020269"/>
  </frame>
  <frame idx="1675" w="75" h="66" x="-4.799915" y="-10.793816">
   <element name="level" layername="level" frame="50" z_index="5" m_a="0.866669" m_b="0.000000" m_c="0.000000" m_d="0.866669" m_tx="0.000000" m_ty="-16.435566"/>
  </frame>
  <frame idx="1700" w="75" h="66" x="-4.799915" y="-11.373466">
   <element name="level" layername="level" frame="50" z_index="5" m_a="0.866669" m_b="0.000000" m_c="0.000000" m_d="0.866669" m_tx="0.000000" m_ty="-17.015217"/>
  </frame>
  <frame idx="1725" w="75" h="62" x="-4.799915" y="-10.596046">
   <element name="level" layername="level" frame="51" z_index="5" m_a="0.866669" m_b="0.000000" m_c="0.000000" m_d="0.866669" m_tx="0.000000" m_ty="-16.679447"/>
  </frame>
  <frame idx="1750" w="75" h="62" x="-4.799915" y="-10.700687">
   <element name="level" layername="level" frame="52" z_index="5" m_a="0.866669" m_b="0.000000" m_c="0.000000" m_d="0.866669" m_tx="0.000000" m_ty="-16.984081"/>
  </frame>
  <frame idx="1775" w="75" h="62" x="-4.799915" y="-10.799004">
   <element name="level" layername="level" frame="53" z_index="5" m_a="0.866669" m_b="0.000000" m_c="0.000000" m_d="0.866669" m_tx="0.000000" m_ty="-17.282391"/>
  </frame>
  <frame idx="1800" w="75" h="62" x="-4.799915" y="-10.910542">
   <element name="level" layername="level" frame="53" z_index="5" m_a="0.866669" m_b="0.000000" m_c="0.000000" m_d="0.866669" m_tx="0.000000" m_ty="-17.393929"/>
  </frame>
  <frame idx="1825" w="75" h="63" x="-4.799915" y="-11.001968">
   <element name="level" layername="level" frame="54" z_index="5" m_a="0.866669" m_b="0.000000" m_c="0.000000" m_d="0.866669" m_tx="0.000000" m_ty="-17.660383"/>
  </frame>
  <frame idx="1850" w="75" h="63" x="-4.799915" y="-11.104023">
   <element name="level" layername="level" frame="55" z_index="5" m_a="0.866669" m_b="0.000000" m_c="0.000000" m_d="0.866669" m_tx="0.000000" m_ty="-17.937424"/>
  </frame>
  <frame idx="1875" w="75" h="63" x="-4.799915" y="-11.207432">
   <element name="level" layername="level" frame="56" z_index="5" m_a="0.866669" m_b="0.000000" m_c="0.000000" m_d="0.866669" m_tx="0.000000" m_ty="-18.240822"/>
  </frame>
  <frame idx="1900" w="75" h="63" x="-4.799915" y="-11.334881">
   <element name="level" layername="level" frame="56" z_index="5" m_a="0.866669" m_b="0.000000" m_c="0.000000" m_d="0.866669" m_tx="0.000000" m_ty="-18.368271"/>
  </frame>
  <frame idx="1925" w="75" h="63" x="-4.799915" y="-11.423634">
   <element name="level" layername="level" frame="57" z_index="5" m_a="0.866669" m_b="0.000000" m_c="0.000000" m_d="0.866669" m_tx="0.000000" m_ty="-18.657017"/>
  </frame>
  <frame idx="1950" w="75" h="63" x="-4.799915" y="-11.515202">
   <element name="level" layername="level" frame="58" z_index="5" m_a="0.866669" m_b="0.000000" m_c="0.000000" m_d="0.866669" m_tx="0.000000" m_ty="-18.923615"/>
  </frame>
  <frame idx="1975" w="75" h="63" x="-4.799915" y="-11.610767">
   <element name="level" layername="level" frame="59" z_index="5" m_a="0.866669" m_b="0.000000" m_c="0.000000" m_d="0.866669" m_tx="0.000000" m_ty="-19.194160"/>
  </frame>
  <frame idx="2000" w="75" h="63" x="-4.799915" y="-11.738216">
   <element name="level" layername="level" frame="59" z_index="5" m_a="0.866669" m_b="0.000000" m_c="0.000000" m_d="0.866669" m_tx="0.000000" m_ty="-19.321611"/>
  </frame>
  <frame idx="2025" w="75" h="63" x="-4.799915" y="-11.842712">
   <element name="level" layername="level" frame="60" z_index="5" m_a="0.866669" m_b="0.000000" m_c="0.000000" m_d="0.866669" m_tx="0.000000" m_ty="-19.626099"/>
  </frame>
  <frame idx="2050" w="75" h="64" x="-4.799915" y="-12.343967">
   <element name="level" layername="level" frame="61" z_index="5" m_a="0.866669" m_b="0.000000" m_c="0.000000" m_d="0.866669" m_tx="0.000000" m_ty="-20.327347"/>
  </frame>
  <frame idx="2075" w="75" h="60" x="-4.799915" y="-11.765766">
   <element name="level" layername="level" frame="62" z_index="5" m_a="0.866669" m_b="0.000000" m_c="0.000000" m_d="0.866669" m_tx="0.000000" m_ty="-20.190845"/>
  </frame>
  <frame idx="2100" w="75" h="60" x="-4.799915" y="-11.893269">
   <element name="level" layername="level" frame="62" z_index="5" m_a="0.866669" m_b="0.000000" m_c="0.000000" m_d="0.866669" m_tx="0.000000" m_ty="-20.318348"/>
  </frame>
  <frame idx="2125" w="75" h="60" x="-4.799915" y="-11.982006">
   <element name="level" layername="level" frame="63" z_index="5" m_a="0.866669" m_b="0.000000" m_c="0.000000" m_d="0.866669" m_tx="0.000000" m_ty="-20.607052"/>
  </frame>
  <frame idx="2150" w="75" h="60" x="-4.799915" y="-12.073570">
   <element name="level" layername="level" frame="64" z_index="5" m_a="0.866669" m_b="0.000000" m_c="0.000000" m_d="0.866669" m_tx="0.000000" m_ty="-20.873629"/>
  </frame>
  <frame idx="2175" w="75" h="60" x="-4.799915" y="-12.169136">
   <element name="level" layername="level" frame="65" z_index="5" m_a="0.866669" m_b="0.000000" m_c="0.000000" m_d="0.866669" m_tx="0.000000" m_ty="-21.144203"/>
  </frame>
  <frame idx="2200" w="75" h="60" x="-4.799915" y="-12.296635">
   <element name="level" layername="level" frame="65" z_index="5" m_a="0.866669" m_b="0.000000" m_c="0.000000" m_d="0.866669" m_tx="0.000000" m_ty="-21.271702"/>
  </frame>
  <frame idx="2225" w="75" h="61" x="-4.799915" y="-12.401070">
   <element name="level" layername="level" frame="66" z_index="5" m_a="0.866669" m_b="0.000000" m_c="0.000000" m_d="0.866669" m_tx="0.000000" m_ty="-21.576149"/>
  </frame>
  <frame idx="2250" w="75" h="61" x="-4.799915" y="-12.495209">
   <element name="level" layername="level" frame="67" z_index="5" m_a="0.866669" m_b="0.000000" m_c="0.000000" m_d="0.866669" m_tx="0.000000" m_ty="-21.870255"/>
  </frame>
  <frame idx="2275" w="75" h="61" x="-4.799915" y="-12.585674">
   <element name="level" layername="level" frame="68" z_index="5" m_a="0.866669" m_b="0.000000" m_c="0.000000" m_d="0.866669" m_tx="0.000000" m_ty="-22.135731"/>
  </frame>
  <frame idx="2300" w="75" h="61" x="-4.799915" y="-12.697174">
   <element name="level" layername="level" frame="68" z_index="5" m_a="0.866669" m_b="0.000000" m_c="0.000000" m_d="0.866669" m_tx="0.000000" m_ty="-22.247231"/>
  </frame>
  <frame idx="2325" w="75" h="61" x="-4.799915" y="-12.804436">
   <element name="level" layername="level" frame="69" z_index="5" m_a="0.866669" m_b="0.000000" m_c="0.000000" m_d="0.866669" m_tx="0.000000" m_ty="-22.529503"/>
  </frame>
  <frame idx="2350" w="75" h="61" x="-4.799915" y="-12.909073">
   <element name="level" layername="level" frame="70" z_index="5" m_a="0.866669" m_b="0.000000" m_c="0.000000" m_d="0.866669" m_tx="0.000000" m_ty="-22.834150"/>
  </frame>
  <frame idx="2375" w="75" h="61" x="-4.799915" y="-13.007309">
   <element name="level" layername="level" frame="71" z_index="5" m_a="0.866669" m_b="0.000000" m_c="0.000000" m_d="0.866669" m_tx="0.000000" m_ty="-23.132357"/>
  </frame>
  <frame idx="2400" w="75" h="61" x="-4.799915" y="-13.118912">
   <element name="level" layername="level" frame="71" z_index="5" m_a="0.866669" m_b="0.000000" m_c="0.000000" m_d="0.866669" m_tx="0.000000" m_ty="-23.243958"/>
  </frame>
  <frame idx="2425" w="75" h="62" x="-4.799915" y="-13.993874">
   <element name="level" layername="level" frame="72" z_index="5" m_a="0.866669" m_b="0.000000" m_c="0.000000" m_d="0.866669" m_tx="0.000000" m_ty="-24.293930"/>
  </frame>
  <frame idx="2450" w="75" h="58" x="-4.799915" y="-13.045687">
   <element name="level" layername="level" frame="73" z_index="5" m_a="0.866669" m_b="0.000000" m_c="0.000000" m_d="0.866669" m_tx="0.000000" m_ty="-23.787382"/>
  </frame>
  <frame idx="2475" w="75" h="58" x="-4.799915" y="-13.144014">
   <element name="level" layername="level" frame="74" z_index="5" m_a="0.866669" m_b="0.000000" m_c="0.000000" m_d="0.866669" m_tx="0.000000" m_ty="-24.085735"/>
  </frame>
  <frame idx="2500" w="75" h="58" x="-4.799915" y="-13.255514">
   <element name="level" layername="level" frame="74" z_index="5" m_a="0.866669" m_b="0.000000" m_c="0.000000" m_d="0.866669" m_tx="0.000000" m_ty="-24.197235"/>
  </frame>
  <frame idx="2525" w="75" h="58" x="-4.799915" y="-13.362783">
   <element name="level" layername="level" frame="75" z_index="5" m_a="0.866669" m_b="0.000000" m_c="0.000000" m_d="0.866669" m_tx="0.000000" m_ty="-24.479492"/>
  </frame>
  <frame idx="2550" w="75" h="58" x="-4.799915" y="-13.467413">
   <element name="level" layername="level" frame="76" z_index="5" m_a="0.866669" m_b="0.000000" m_c="0.000000" m_d="0.866669" m_tx="0.000000" m_ty="-24.784145"/>
  </frame>
  <frame idx="2575" w="75" h="58" x="-4.799915" y="-13.565649">
   <element name="level" layername="level" frame="77" z_index="5" m_a="0.866669" m_b="0.000000" m_c="0.000000" m_d="0.866669" m_tx="0.000000" m_ty="-25.082363"/>
  </frame>
  <frame idx="2600" w="75" h="58" x="-4.799915" y="-13.677248">
   <element name="level" layername="level" frame="77" z_index="5" m_a="0.866669" m_b="0.000000" m_c="0.000000" m_d="0.866669" m_tx="0.000000" m_ty="-25.193964"/>
  </frame>
  <frame idx="2625" w="75" h="58" x="-4.799915" y="-13.768618">
   <element name="level" layername="level" frame="78" z_index="5" m_a="0.866669" m_b="0.000000" m_c="0.000000" m_d="0.866669" m_tx="0.000000" m_ty="-25.460321"/>
  </frame>
  <frame idx="2650" w="75" h="59" x="-4.799915" y="-13.870680">
   <element name="level" layername="level" frame="79" z_index="5" m_a="0.866669" m_b="0.000000" m_c="0.000000" m_d="0.866669" m_tx="0.000000" m_ty="-25.737413"/>
  </frame>
  <frame idx="2675" w="75" h="59" x="-4.799915" y="-13.975416">
   <element name="level" layername="level" frame="80" z_index="5" m_a="0.866669" m_b="0.000000" m_c="0.000000" m_d="0.866669" m_tx="0.000000" m_ty="-26.042131"/>
  </frame>
  <frame idx="2700" w="75" h="59" x="-4.799915" y="-14.080050">
   <element name="level" layername="level" frame="81" z_index="5" m_a="0.866669" m_b="0.000000" m_c="0.000000" m_d="0.866669" m_tx="0.000000" m_ty="-26.346786"/>
  </frame>
  <frame idx="2725" w="75" h="59" x="-4.799915" y="-14.191549">
   <element name="level" layername="level" frame="81" z_index="5" m_a="0.866669" m_b="0.000000" m_c="0.000000" m_d="0.866669" m_tx="0.000000" m_ty="-26.458286"/>
  </frame>
  <frame idx="2750" w="75" h="60" x="-4.810413" y="-14.935320">
   <element name="level" layername="level" frame="82" z_index="5" m_a="0.866669" m_b="0.000000" m_c="0.000000" m_d="0.866669" m_tx="-0.010498" m_ty="-27.377043"/>
  </frame>
  <frame idx="2775" w="75" h="54" x="-4.818237" y="-14.112024">
   <element name="level" layername="level" frame="83" z_index="5" m_a="0.866669" m_b="0.000000" m_c="0.000000" m_d="0.866669" m_tx="-0.043304" m_ty="-26.995403"/>
  </frame>
  <frame idx="2800" w="75" h="54" x="-4.818237" y="-14.216658">
   <element name="level" layername="level" frame="84" z_index="5" m_a="0.866669" m_b="0.000000" m_c="0.000000" m_d="0.866669" m_tx="-0.043304" m_ty="-27.300037"/>
  </frame>
  <frame idx="2825" w="75" h="55" x="-4.802315" y="-14.344156">
   <element name="level" layername="level" frame="84" z_index="5" m_a="0.866669" m_b="0.000000" m_c="0.000000" m_d="0.866669" m_tx="-0.027383" m_ty="-27.427536"/>
  </frame>
  <frame idx="2850" w="75" h="55" x="-4.810413" y="-14.436892">
   <element name="level" layername="level" frame="85" z_index="5" m_a="0.866669" m_b="0.000000" m_c="0.000000" m_d="0.866669" m_tx="-0.010498" m_ty="-27.720272"/>
  </frame>
  <frame idx="2875" w="75" h="55" x="-4.812988" y="-14.533758">
   <element name="level" layername="level" frame="86" z_index="5" m_a="0.866669" m_b="0.000000" m_c="0.000000" m_d="0.866669" m_tx="-0.038055" m_ty="-27.992138"/>
  </frame>
  <frame idx="2900" w="75" h="55" x="-4.799915" y="-14.638391">
   <element name="level" layername="level" frame="87" z_index="5" m_a="0.866669" m_b="0.000000" m_c="0.000000" m_d="0.866669" m_tx="0.000000" m_ty="-28.296772"/>
  </frame>
  <frame idx="2925" w="75" h="55" x="-4.815838" y="-14.749891">
   <element name="level" layername="level" frame="87" z_index="5" m_a="0.866669" m_b="0.000000" m_c="0.000000" m_d="0.866669" m_tx="-0.015921" m_ty="-28.408272"/>
  </frame>
  <frame idx="2950" w="75" h="55" x="-4.807739" y="-14.840258">
   <element name="level" layername="level" frame="88" z_index="5" m_a="0.866669" m_b="0.000000" m_c="0.000000" m_d="0.866669" m_tx="-0.032806" m_ty="-28.673637"/>
  </frame>
  <frame idx="2975" w="75" h="55" x="-4.799915" y="-14.937025">
   <element name="level" layername="level" frame="89" z_index="5" m_a="0.866669" m_b="0.000000" m_c="0.000000" m_d="0.866669" m_tx="0.000000" m_ty="-28.945404"/>
  </frame>
  <frame idx="3000" w="75" h="55" x="-4.799915" y="-15.041658">
   <element name="level" layername="level" frame="90" z_index="5" m_a="0.866669" m_b="0.000000" m_c="0.000000" m_d="0.866669" m_tx="0.000000" m_ty="-29.250038"/>
  </frame>
  <frame idx="3025" w="75" h="55" x="-4.799915" y="-15.169161">
   <element name="level" layername="level" frame="90" z_index="5" m_a="0.866669" m_b="0.000000" m_c="0.000000" m_d="0.866669" m_tx="0.000000" m_ty="-29.377539"/>
  </frame>
  <frame idx="3050" w="75" h="55" x="-4.810413" y="-15.261892">
   <element name="level" layername="level" frame="91" z_index="5" m_a="0.866669" m_b="0.000000" m_c="0.000000" m_d="0.866669" m_tx="-0.010498" m_ty="-29.670273"/>
  </frame>
  <frame idx="3075" w="75" h="57" x="-4.818237" y="-15.353460">
   <element name="level" layername="level" frame="92" z_index="5" m_a="0.866669" m_b="0.000000" m_c="0.000000" m_d="0.866669" m_tx="-0.043304" m_ty="-29.936840"/>
  </frame>
  <frame idx="3100" w="75" h="57" x="-4.818237" y="-15.445028">
   <element name="level" layername="level" frame="93" z_index="5" m_a="0.866669" m_b="0.000000" m_c="0.000000" m_d="0.866669" m_tx="-0.043304" m_ty="-30.203407"/>
  </frame>
  <frame idx="3125" w="75" h="58" x="-4.802315" y="-16.820429">
   <element name="level" layername="level" frame="93" z_index="5" m_a="0.866669" m_b="0.000000" m_c="0.000000" m_d="0.866669" m_tx="-0.027383" m_ty="-31.578808"/>
  </frame>
  <frame idx="3150" w="75" h="52" x="-4.799915" y="-15.409101">
   <element name="level" layername="level" frame="94" z_index="5" m_a="0.866669" m_b="0.000000" m_c="0.000000" m_d="0.866669" m_tx="0.000000" m_ty="-30.634132"/>
  </frame>
  <frame idx="3175" w="75" h="52" x="-4.799915" y="-15.508432">
   <element name="level" layername="level" frame="95" z_index="5" m_a="0.866669" m_b="0.000000" m_c="0.000000" m_d="0.866669" m_tx="0.000000" m_ty="-30.933479"/>
  </frame>
  <frame idx="3200" w="75" h="52" x="-4.799915" y="-15.600000">
   <element name="level" layername="level" frame="96" z_index="5" m_a="0.866669" m_b="0.000000" m_c="0.000000" m_d="0.866669" m_tx="0.000000" m_ty="-31.200043"/>
  </frame>
  <frame idx="3225" w="75" h="52" x="-4.831757" y="-15.711500">
   <element name="level" layername="level" frame="96" z_index="5" m_a="0.866669" m_b="0.000000" m_c="0.000000" m_d="0.866669" m_tx="-0.031843" m_ty="-31.311543"/>
  </frame>
  <frame idx="3250" w="75" h="53" x="-4.815563" y="-15.812471">
   <element name="level" layername="level" frame="97" z_index="5" m_a="0.866669" m_b="0.000000" m_c="0.000000" m_d="0.866669" m_tx="-0.065615" m_ty="-31.587475"/>
  </frame>
  <frame idx="3275" w="75" h="53" x="-4.805164" y="-15.917086">
   <element name="level" layername="level" frame="98" z_index="5" m_a="0.866669" m_b="0.000000" m_c="0.000000" m_d="0.866669" m_tx="-0.005249" m_ty="-31.892246"/>
  </frame>
  <frame idx="3300" w="75" h="53" x="-4.818237" y="-16.021646">
   <element name="level" layername="level" frame="99" z_index="5" m_a="0.866669" m_b="0.000000" m_c="0.000000" m_d="0.866669" m_tx="-0.043304" m_ty="-32.196609"/>
  </frame>
  <frame idx="3325" w="75" h="53" x="-4.802315" y="-16.133146">
   <element name="level" layername="level" frame="99" z_index="5" m_a="0.866669" m_b="0.000000" m_c="0.000000" m_d="0.866669" m_tx="-0.027383" m_ty="-32.308109"/>
  </frame>
  <frame idx="3350" w="75" h="53" x="-4.820911" y="-16.234015">
   <element name="level" layername="level" frame="100" z_index="5" m_a="0.866669" m_b="0.000000" m_c="0.000000" m_d="0.866669" m_tx="-0.020997" m_ty="-32.583939"/>
  </frame>
  <frame idx="3375" w="75" h="53" x="-4.826061" y="-16.333529">
   <element name="level" layername="level" frame="101" z_index="5" m_a="0.866669" m_b="0.000000" m_c="0.000000" m_d="0.866669" m_tx="-0.076114" m_ty="-32.883610"/>
  </frame>
  <frame idx="3400" w="75" h="53" x="-4.799915" y="-16.425005">
   <element name="level" layername="level" frame="102" z_index="5" m_a="0.866669" m_b="0.000000" m_c="0.000000" m_d="0.866669" m_tx="0.000000" m_ty="-33.150047"/>
  </frame>
  <frame idx="3425" w="75" h="53" x="-4.799915" y="-16.536501">
   <element name="level" layername="level" frame="102" z_index="5" m_a="0.866669" m_b="0.000000" m_c="0.000000" m_d="0.866669" m_tx="0.000000" m_ty="-33.261543"/>
  </frame>
  <frame idx="3450" w="75" h="53" x="-4.799915" y="-16.637476">
   <element name="level" layername="level" frame="103" z_index="5" m_a="0.866669" m_b="0.000000" m_c="0.000000" m_d="0.866669" m_tx="0.000000" m_ty="-33.537479"/>
  </frame>
  <frame idx="3475" w="75" h="54" x="-4.799915" y="-17.259588">
   <element name="level" layername="level" frame="104" z_index="5" m_a="0.866669" m_b="0.000000" m_c="0.000000" m_d="0.866669" m_tx="0.000000" m_ty="-34.359749"/>
  </frame>
  <frame idx="3500" w="75" h="50" x="-4.799915" y="-16.580154">
   <element name="level" layername="level" frame="105" z_index="5" m_a="0.866669" m_b="0.000000" m_c="0.000000" m_d="0.866669" m_tx="0.000000" m_ty="-34.147018"/>
  </frame>
  <frame idx="3525" w="75" h="50" x="-4.799915" y="-16.691555">
   <element name="level" layername="level" frame="105" z_index="5" m_a="0.866669" m_b="0.000000" m_c="0.000000" m_d="0.866669" m_tx="0.000000" m_ty="-34.258419"/>
  </frame>
  <frame idx="3550" w="75" h="50" x="-4.799915" y="-16.781860">
   <element name="level" layername="level" frame="106" z_index="5" m_a="0.866669" m_b="0.000000" m_c="0.000000" m_d="0.866669" m_tx="0.000000" m_ty="-34.523445"/>
  </frame>
  <frame idx="3575" w="71" h="50" x="-4.533255" y="-16.878719">
   <element name="level" layername="level" frame="107" z_index="5" m_a="0.866669" m_b="0.000000" m_c="0.000000" m_d="0.866669" m_tx="0.000000" m_ty="-34.795341"/>
  </frame>
  <frame idx="3600" w="71" h="50" x="-4.533255" y="-16.983353">
   <element name="level" layername="level" frame="108" z_index="5" m_a="0.866669" m_b="0.000000" m_c="0.000000" m_d="0.866669" m_tx="0.000000" m_ty="-35.099976"/>
  </frame>
  <frame idx="3625" w="71" h="50" x="-4.549200" y="-17.110756">
   <element name="level" layername="level" frame="108" z_index="5" m_a="0.866669" m_b="0.000000" m_c="0.000000" m_d="0.866669" m_tx="-0.015947" m_ty="-35.227379"/>
  </frame>
  <frame idx="3650" w="71" h="50" x="-4.541090" y="-17.203587">
   <element name="level" layername="level" frame="109" z_index="5" m_a="0.866669" m_b="0.000000" m_c="0.000000" m_d="0.866669" m_tx="-0.032859" m_ty="-35.520210"/>
  </frame>
  <frame idx="3675" w="71" h="51" x="-4.533255" y="-17.295151">
   <element name="level" layername="level" frame="110" z_index="5" m_a="0.866669" m_b="0.000000" m_c="0.000000" m_d="0.866669" m_tx="0.000000" m_ty="-35.786816"/>
  </frame>
  <frame idx="3700" w="71" h="51" x="-4.533255" y="-17.386711">
   <element name="level" layername="level" frame="111" z_index="5" m_a="0.866669" m_b="0.000000" m_c="0.000000" m_d="0.866669" m_tx="0.000000" m_ty="-36.053413"/>
  </frame>
  <frame idx="3725" w="71" h="51" x="-4.533255" y="-17.514214">
   <element name="level" layername="level" frame="111" z_index="5" m_a="0.866669" m_b="0.000000" m_c="0.000000" m_d="0.866669" m_tx="0.000000" m_ty="-36.180916"/>
  </frame>
  <frame idx="3750" w="71" h="51" x="-4.533255" y="-17.617443">
   <element name="level" layername="level" frame="112" z_index="5" m_a="0.866669" m_b="0.000000" m_c="0.000000" m_d="0.866669" m_tx="0.000000" m_ty="-36.484146"/>
  </frame>
  <frame idx="3775" w="71" h="51" x="-4.533255" y="-17.716881">
   <element name="level" layername="level" frame="113" z_index="5" m_a="0.866669" m_b="0.000000" m_c="0.000000" m_d="0.866669" m_tx="0.000000" m_ty="-36.783585"/>
  </frame>
  <frame idx="3800" w="71" h="51" x="-4.533255" y="-17.808445">
   <element name="level" layername="level" frame="114" z_index="5" m_a="0.866669" m_b="0.000000" m_c="0.000000" m_d="0.866669" m_tx="0.000000" m_ty="-37.050186"/>
  </frame>
  <frame idx="3825" w="71" h="53" x="-4.533255" y="-19.900043">
   <element name="level" layername="level" frame="114" z_index="5" m_a="0.866669" m_b="0.000000" m_c="0.000000" m_d="0.866669" m_tx="0.000000" m_ty="-39.141785"/>
  </frame>
  <frame idx="3850" w="71" h="48" x="-4.533255" y="-17.762001">
   <element name="level" layername="level" frame="115" z_index="5" m_a="0.866669" m_b="0.000000" m_c="0.000000" m_d="0.866669" m_tx="0.000000" m_ty="-37.470486"/>
  </frame>
  <frame idx="3875" w="71" h="48" x="-4.538511" y="-17.853565">
   <element name="level" layername="level" frame="116" z_index="5" m_a="0.866669" m_b="0.000000" m_c="0.000000" m_d="0.866669" m_tx="-0.005258" m_ty="-37.737053"/>
  </frame>
  <frame idx="3900" w="71" h="48" x="-4.551603" y="-17.945137">
   <element name="level" layername="level" frame="117" z_index="5" m_a="0.866669" m_b="0.000000" m_c="0.000000" m_d="0.866669" m_tx="-0.043374" m_ty="-38.003624"/>
  </frame>
  <frame idx="3925" w="71" h="48" x="-4.519712" y="-18.072536">
   <element name="level" layername="level" frame="117" z_index="5" m_a="0.866669" m_b="0.000000" m_c="0.000000" m_d="0.866669" m_tx="-0.011481" m_ty="-38.131023"/>
  </frame>
  <frame idx="3950" w="71" h="48" x="-4.514246" y="-18.175781">
   <element name="level" layername="level" frame="118" z_index="5" m_a="0.866669" m_b="0.000000" m_c="0.000000" m_d="0.866669" m_tx="0.044032" m_ty="-38.434185"/>
  </frame>
  <frame idx="3975" w="66" h="48" x="-4.242996" y="-18.280426">
   <element name="level" layername="level" frame="119" z_index="5" m_a="0.866669" m_b="0.000000" m_c="0.000000" m_d="0.866669" m_tx="0.048620" m_ty="-38.738750"/>
  </frame>
  <frame idx="4000" w="66" h="48" x="-4.229937" y="-18.384972">
   <element name="level" layername="level" frame="120" z_index="5" m_a="0.866669" m_b="0.000000" m_c="0.000000" m_d="0.866669" m_tx="0.086640" m_ty="-39.043217"/>
  </frame>
  <frame idx="4025" w="66" h="48" x="-4.261789" y="-18.480671">
   <element name="level" layername="level" frame="120" z_index="5" m_a="0.866669" m_b="0.000000" m_c="0.000000" m_d="0.866669" m_tx="0.054787" m_ty="-39.138916"/>
  </frame>
  <frame idx="4050" w="66" h="48" x="-4.256077" y="-18.579060">
   <element name="level" layername="level" frame="121" z_index="5" m_a="0.866669" m_b="0.000000" m_c="0.000000" m_d="0.866669" m_tx="0.010515" m_ty="-39.387386"/>
  </frame>
  <frame idx="4075" w="66" h="48" x="-4.253498" y="-18.683704">
   <element name="level" layername="level" frame="122" z_index="5" m_a="0.866669" m_b="0.000000" m_c="0.000000" m_d="0.866669" m_tx="0.038118" m_ty="-39.691948"/>
  </frame>
  <frame idx="4100" w="66" h="49" x="-4.266592" y="-18.788509">
   <element name="level" layername="level" frame="123" z_index="5" m_a="0.866669" m_b="0.000000" m_c="0.000000" m_d="0.866669" m_tx="0.000000" m_ty="-39.996956"/>
  </frame>
  <frame idx="4125" w="66" h="49" x="-4.266592" y="-18.900013">
   <element name="level" layername="level" frame="123" z_index="5" m_a="0.866669" m_b="0.000000" m_c="0.000000" m_d="0.866669" m_tx="0.000000" m_ty="-40.108459"/>
  </frame>
  <frame idx="4150" w="66" h="49" x="-4.266592" y="-18.990379">
   <element name="level" layername="level" frame="124" z_index="5" m_a="0.866669" m_b="0.000000" m_c="0.000000" m_d="0.866669" m_tx="0.000000" m_ty="-40.373825"/>
  </frame>
  <frame idx="4175" w="66" h="50" x="-4.266592" y="-19.914448">
   <element name="level" layername="level" frame="125" z_index="5" m_a="0.866669" m_b="0.000000" m_c="0.000000" m_d="0.866669" m_tx="0.000000" m_ty="-41.472893"/>
  </frame>
  <frame idx="4200" w="66" h="44" x="-4.266592" y="-18.925209">
   <element name="level" layername="level" frame="126" z_index="5" m_a="0.866669" m_b="0.000000" m_c="0.000000" m_d="0.866669" m_tx="0.000000" m_ty="-40.950359"/>
  </frame>
  <frame idx="4225" w="66" h="44" x="-4.266592" y="-19.052608">
   <element name="level" layername="level" frame="126" z_index="5" m_a="0.866669" m_b="0.000000" m_c="0.000000" m_d="0.866669" m_tx="0.000000" m_ty="-41.077759"/>
  </frame>
  <frame idx="4250" w="63" h="44" x="-3.999929" y="-19.145256">
   <element name="level" layername="level" frame="127" z_index="5" m_a="0.866669" m_b="0.000000" m_c="0.000000" m_d="0.866669" m_tx="0.000000" m_ty="-41.370323"/>
  </frame>
  <frame idx="4275" w="63" h="46" x="-4.005186" y="-19.242130">
   <element name="level" layername="level" frame="128" z_index="5" m_a="0.866669" m_b="0.000000" m_c="0.000000" m_d="0.866669" m_tx="-0.005257" m_ty="-41.642159"/>
  </frame>
  <frame idx="4300" w="63" h="46" x="-4.018276" y="-19.346676">
   <element name="level" layername="level" frame="129" z_index="5" m_a="0.866669" m_b="0.000000" m_c="0.000000" m_d="0.866669" m_tx="-0.043368" m_ty="-41.946625"/>
  </frame>
  <frame idx="4325" w="63" h="46" x="-4.034184" y="-19.458370">
   <element name="level" layername="level" frame="129" z_index="5" m_a="0.866669" m_b="0.000000" m_c="0.000000" m_d="0.866669" m_tx="-0.059274" m_ty="-42.058319"/>
  </frame>
  <frame idx="4350" w="63" h="46" x="-4.015579" y="-19.548710">
   <element name="level" layername="level" frame="130" z_index="5" m_a="0.866669" m_b="0.000000" m_c="0.000000" m_d="0.866669" m_tx="-0.065630" m_ty="-42.323860"/>
  </frame>
  <frame idx="4375" w="63" h="46" x="-4.005186" y="-19.645485">
   <element name="level" layername="level" frame="131" z_index="5" m_a="0.866669" m_b="0.000000" m_c="0.000000" m_d="0.866669" m_tx="-0.005257" m_ty="-42.595592"/>
  </frame>
  <frame idx="4400" w="63" h="46" x="-4.018276" y="-19.750130">
   <element name="level" layername="level" frame="132" z_index="5" m_a="0.866669" m_b="0.000000" m_c="0.000000" m_d="0.866669" m_tx="-0.043368" m_ty="-42.900158"/>
  </frame>
  <frame idx="4425" w="63" h="46" x="-4.019384" y="-19.877529">
   <element name="level" layername="level" frame="132" z_index="5" m_a="0.866669" m_b="0.000000" m_c="0.000000" m_d="0.866669" m_tx="-0.044476" m_ty="-43.027557"/>
  </frame>
  <frame idx="4450" w="59" h="46" x="-3.751585" y="-19.970272">
   <element name="level" layername="level" frame="133" z_index="5" m_a="0.866669" m_b="0.000000" m_c="0.000000" m_d="0.866669" m_tx="-0.043292" m_ty="-43.320221"/>
  </frame>
  <frame idx="4475" w="59" h="46" x="-3.751585" y="-20.061913">
   <element name="level" layername="level" frame="134" z_index="5" m_a="0.866669" m_b="0.000000" m_c="0.000000" m_d="0.866669" m_tx="-0.043292" m_ty="-43.587063"/>
  </frame>
  <frame idx="4500" w="59" h="46" x="-3.751585" y="-20.153484">
   <element name="level" layername="level" frame="135" z_index="5" m_a="0.866669" m_b="0.000000" m_c="0.000000" m_d="0.866669" m_tx="-0.043292" m_ty="-43.853592"/>
  </frame>
  <frame idx="4525" w="59" h="47" x="-3.735670" y="-20.280888">
   <element name="level" layername="level" frame="135" z_index="5" m_a="0.866669" m_b="0.000000" m_c="0.000000" m_d="0.866669" m_tx="-0.027376" m_ty="-43.980995"/>
  </frame>
  <frame idx="4550" w="59" h="49" x="-3.722773" y="-22.543934">
   <element name="level" layername="level" frame="136" z_index="5" m_a="0.866669" m_b="0.000000" m_c="0.000000" m_d="0.866669" m_tx="0.010496" m_ty="-46.443962"/>
  </frame>
  <frame idx="4575" w="59" h="42" x="-3.714951" y="-20.216900">
   <element name="level" layername="level" frame="137" z_index="5" m_a="0.866669" m_b="0.000000" m_c="0.000000" m_d="0.866669" m_tx="0.043294" m_ty="-44.583591"/>
  </frame>
  <frame idx="4600" w="59" h="42" x="-3.714951" y="-20.308468">
   <element name="level" layername="level" frame="138" z_index="5" m_a="0.866669" m_b="0.000000" m_c="0.000000" m_d="0.866669" m_tx="0.043294" m_ty="-44.850159"/>
  </frame>
  <frame idx="4625" w="59" h="42" x="-3.730869" y="-20.419971">
   <element name="level" layername="level" frame="138" z_index="5" m_a="0.866669" m_b="0.000000" m_c="0.000000" m_d="0.866669" m_tx="0.027377" m_ty="-44.961662"/>
  </frame>
  <frame idx="4650" w="54" h="42" x="-3.466606" y="-20.520836">
   <element name="level" layername="level" frame="139" z_index="5" m_a="0.866669" m_b="0.000000" m_c="0.000000" m_d="0.866669" m_tx="0.000000" m_ty="-45.237526"/>
  </frame>
  <frame idx="4675" w="54" h="42" x="-3.461351" y="-20.625469">
   <element name="level" layername="level" frame="140" z_index="5" m_a="0.866669" m_b="0.000000" m_c="0.000000" m_d="0.866669" m_tx="0.005255" m_ty="-45.542160"/>
  </frame>
  <frame idx="4700" w="54" h="43" x="-3.448263" y="-20.730103">
   <element name="level" layername="level" frame="141" z_index="5" m_a="0.866669" m_b="0.000000" m_c="0.000000" m_d="0.866669" m_tx="0.043356" m_ty="-45.846794"/>
  </frame>
  <frame idx="4725" w="54" h="43" x="-3.496082" y="-20.841606">
   <element name="level" layername="level" frame="141" z_index="5" m_a="0.866669" m_b="0.000000" m_c="0.000000" m_d="0.866669" m_tx="-0.004462" m_ty="-45.958298"/>
  </frame>
  <frame idx="4750" w="54" h="43" x="-3.482269" y="-20.942471">
   <element name="level" layername="level" frame="142" z_index="5" m_a="0.866669" m_b="0.000000" m_c="0.000000" m_d="0.866669" m_tx="-0.065688" m_ty="-46.234161"/>
  </frame>
  <frame idx="4775" w="54" h="43" x="-3.472298" y="-21.041904">
   <element name="level" layername="level" frame="143" z_index="5" m_a="0.866669" m_b="0.000000" m_c="0.000000" m_d="0.866669" m_tx="-0.005692" m_ty="-46.533592"/>
  </frame>
  <frame idx="4800" w="54" h="43" x="-3.510242" y="-21.298225">
   <element name="level" layername="level" frame="143" z_index="5" m_a="0.866669" m_b="0.000000" m_c="0.000000" m_d="0.866669" m_tx="-0.043636" m_ty="-46.789913"/>
  </frame>
  <frame idx="4825" w="50" h="43" x="-3.218283" y="-21.240513">
   <element name="level" layername="level" frame="144" z_index="5" m_a="0.866669" m_b="0.000000" m_c="0.000000" m_d="0.866669" m_tx="-0.043348" m_ty="-46.907204"/>
  </frame>
  <frame idx="4850" w="50" h="43" x="-3.208193" y="-21.509800">
   <element name="level" layername="level" frame="144" z_index="5" m_a="0.866669" m_b="0.000000" m_c="0.000000" m_d="0.866669" m_tx="-0.033259" m_ty="-47.176491"/>
  </frame>
  <frame idx="4875" w="50" h="46" x="-3.176249" y="-23.028751">
   <element name="level" layername="level" frame="145" z_index="5" m_a="0.866669" m_b="0.000000" m_c="0.000000" m_d="0.866669" m_tx="-0.001314" m_ty="-48.870441"/>
  </frame>
  <frame idx="4900" w="50" h="50" x="-3.199944" y="-27.536514">
   <element name="level" layername="level" frame="146" z_index="5" m_a="0.866669" m_b="0.000000" m_c="0.000000" m_d="0.866669" m_tx="0.000000" m_ty="-53.578205"/>
  </frame>
  <frame idx="4925" w="47" h="40" x="-2.948572" y="-21.395578">
   <element name="level" layername="level" frame="147" z_index="5" m_a="0.866669" m_b="0.000000" m_c="0.000000" m_d="0.866669" m_tx="-0.015289" m_ty="-47.903969"/>
  </frame>
  <frame idx="4950" w="47" h="40" x="-2.975508" y="-21.654734">
   <element name="level" layername="level" frame="147" z_index="5" m_a="0.866669" m_b="0.000000" m_c="0.000000" m_d="0.866669" m_tx="-0.042224" m_ty="-48.163124"/>
  </frame>
  <frame idx="4975" w="47" h="40" x="-2.946569" y="-21.751101">
   <element name="level" layername="level" frame="148" z_index="5" m_a="0.866669" m_b="0.000000" m_c="0.000000" m_d="0.866669" m_tx="-0.038279" m_ty="-48.434532"/>
  </frame>
  <frame idx="5000" w="47" h="40" x="-2.909813" y="-21.879534">
   <element name="level" layername="level" frame="149" z_index="5" m_a="0.866669" m_b="0.000000" m_c="0.000000" m_d="0.866669" m_tx="-0.001523" m_ty="-48.737846"/>
  </frame>
  <frame idx="5025" w="47" h="40" x="-2.950108" y="-21.814119">
   <element name="level" layername="level" frame="150" z_index="5" m_a="0.866669" m_b="0.000000" m_c="0.000000" m_d="0.866669" m_tx="-0.016824" m_ty="-48.872433"/>
  </frame>
  <frame idx="5050" w="47" h="40" x="-2.967581" y="-22.100241">
   <element name="level" layername="level" frame="150" z_index="5" m_a="0.866669" m_b="0.000000" m_c="0.000000" m_d="0.866669" m_tx="-0.034297" m_ty="-49.158554"/>
  </frame>
  <frame idx="5075" w="42" h="41" x="-2.653017" y="-22.167891">
   <element name="level" layername="level" frame="151" z_index="5" m_a="0.866669" m_b="0.000000" m_c="0.000000" m_d="0.866669" m_tx="-0.011398" m_ty="-49.426201"/>
  </frame>
  <frame idx="5100" w="42" h="41" x="-2.750240" y="-22.259550">
   <element name="level" layername="level" frame="152" z_index="5" m_a="0.866669" m_b="0.000000" m_c="0.000000" m_d="0.866669" m_tx="-0.083620" m_ty="-49.692902"/>
  </frame>
  <frame idx="5125" w="42" h="41" x="-2.689682" y="-22.217482">
   <element name="level" layername="level" frame="153" z_index="5" m_a="0.866669" m_b="0.000000" m_c="0.000000" m_d="0.866669" m_tx="-0.073061" m_ty="-49.825874"/>
  </frame>
  <frame idx="5150" w="42" h="41" x="-2.653326" y="-22.503599">
   <element name="level" layername="level" frame="153" z_index="5" m_a="0.866669" m_b="0.000000" m_c="0.000000" m_d="0.866669" m_tx="-0.036705" m_ty="-50.111992"/>
  </frame>
  <frame idx="5175" w="38" h="41" x="-2.381956" y="-22.576109">
   <element name="level" layername="level" frame="154" z_index="5" m_a="0.866669" m_b="0.000000" m_c="0.000000" m_d="0.866669" m_tx="-0.006983" m_ty="-50.384499"/>
  </frame>
  <frame idx="5200" w="38" h="41" x="-2.444380" y="-22.704771">
   <element name="level" layername="level" frame="155" z_index="5" m_a="0.866669" m_b="0.000000" m_c="0.000000" m_d="0.866669" m_tx="-0.044422" m_ty="-50.688042"/>
  </frame>
  <frame idx="5225" w="33" h="41" x="-2.153817" y="-22.639208">
   <element name="level" layername="level" frame="156" z_index="5" m_a="0.866669" m_b="0.000000" m_c="0.000000" m_d="0.866669" m_tx="-0.045512" m_ty="-50.822639"/>
  </frame>
  <frame idx="5250" w="33" h="46" x="-2.144620" y="-26.908854">
   <element name="level" layername="level" frame="156" z_index="5" m_a="0.866669" m_b="0.000000" m_c="0.000000" m_d="0.866669" m_tx="-0.036316" m_ty="-55.092285"/>
  </frame>
  <frame idx="5275" w="30" h="51" x="-1.854708" y="-31.374784">
   <element name="level" layername="level" frame="157" z_index="5" m_a="0.866669" m_b="0.000000" m_c="0.000000" m_d="0.866669" m_tx="-0.013077" m_ty="-59.758217"/>
  </frame>
  <frame idx="5300" w="30" h="38" x="-1.957244" y="-22.817724">
   <element name="level" layername="level" frame="158" z_index="5" m_a="0.866669" m_b="0.000000" m_c="0.000000" m_d="0.866669" m_tx="-0.090610" m_ty="-51.642738"/>
  </frame>
  <frame idx="5325" w="26" h="38" x="-1.636634" y="-22.653429">
   <element name="level" layername="level" frame="159" z_index="5" m_a="0.866669" m_b="0.000000" m_c="0.000000" m_d="0.866669" m_tx="-0.086654" m_ty="-51.653404"/>
  </frame>
 </anim>
 <anim name="close" root="status_meter_fear" numframes="200" framerate="40">
  <frame idx="0" w="135" h="142" x="-22.824902" y="-25.224907">
   <element name="frame_circle" layername="frame_circle" frame="0" z_index="4" m_a="0.499985" m_b="0.000000" m_c="0.000000" m_d="0.499985" m_tx="0.000000" m_ty="0.000000"/>
   <element name="bg" layername="bg" frame="0" z_index="5" m_a="0.866669" m_b="0.000000" m_c="0.000000" m_d="0.866669" m_tx="0.000000" m_ty="0.000000"/>
  </frame>
  <frame idx="25" w="135" h="141" x="-22.871571" y="-26.539829">
   <element name="frame_circle" layername="frame_circle" frame="0" z_index="4" m_a="0.498942" m_b="0.000000" m_c="0.000000" m_d="0.479206" m_tx="0.036765" m_ty="-0.036765"/>
   <element name="bg" layername="bg" frame="0" z_index="5" m_a="0.864862" m_b="0.000000" m_c="0.000000" m_d="0.830654" m_tx="0.000000" m_ty="0.000000"/>
  </frame>
  <frame idx="50" w="134" h="138" x="-23.015938" y="-29.577217">
   <element name="frame_circle" layername="frame_circle" frame="0" z_index="4" m_a="0.496517" m_b="0.000000" m_c="0.000000" m_d="0.430636" m_tx="0.050000" m_ty="-0.050000"/>
   <element name="bg" layername="bg" frame="0" z_index="5" m_a="0.860668" m_b="0.000000" m_c="0.000000" m_d="0.746466" m_tx="0.000000" m_ty="0.000000"/>
  </frame>
  <frame idx="75" w="134" h="132" x="-23.248589" y="-34.251331">
   <element name="frame_circle" layername="frame_circle" frame="0" z_index="4" m_a="0.492783" m_b="0.000000" m_c="0.000000" m_d="0.355732" m_tx="0.050000" m_ty="-0.050000"/>
   <element name="bg" layername="bg" frame="0" z_index="5" m_a="0.854205" m_b="0.000000" m_c="0.000000" m_d="0.616629" m_tx="0.000000" m_ty="0.000000"/>
  </frame>
  <frame idx="100" w="134" h="125" x="-23.590389" y="-41.115829">
   <element name="frame_circle" layername="frame_circle" frame="0" z_index="4" m_a="0.487305" m_b="0.000000" m_c="0.000000" m_d="0.245728" m_tx="0.050000" m_ty="-0.050000"/>
   <element name="bg" layername="bg" frame="0" z_index="5" m_a="0.844711" m_b="0.000000" m_c="0.000000" m_d="0.425949" m_tx="0.000000" m_ty="0.000000"/>
  </frame>
  <frame idx="125" w="134" h="115" x="-24.059921" y="-50.170456">
   <element name="frame_circle" layername="frame_circle" frame="0" z_index="4" m_a="0.480079" m_b="0.000000" m_c="0.000000" m_d="0.100332" m_tx="0.013235" m_ty="-0.013235"/>
   <element name="bg" layername="bg" frame="0" z_index="5" m_a="0.832179" m_b="0.000000" m_c="0.000000" m_d="0.173921" m_tx="0.000000" m_ty="0.000000"/>
  </frame>
  <frame idx="150" w="132" h="112" x="-24.228973" y="-53.430115">
   <element name="frame_circle" layername="frame_circle" frame="0" z_index="4" m_a="0.477478" m_b="0.000000" m_c="0.000000" m_d="0.047989" m_tx="0.000000" m_ty="0.000000"/>
   <element name="bg" layername="bg" frame="0" z_index="5" m_a="0.827667" m_b="0.000000" m_c="0.000000" m_d="0.083191" m_tx="0.000000" m_ty="0.000000"/>
  </frame>
  <frame idx="175" w="134" h="119" x="-23.888596" y="-46.592495">
   <element name="frame_circle" layername="frame_circle" frame="0" z_index="4" m_a="0.482934" m_b="0.000000" m_c="0.000000" m_d="0.157564" m_tx="0.000000" m_ty="0.000000"/>
   <element name="bg" layername="bg" frame="0" z_index="5" m_a="0.837122" m_b="0.000000" m_c="0.000000" m_d="0.273125" m_tx="0.000000" m_ty="0.000000"/>
  </frame>
 </anim>
 <anim name="frame" root="status_meter_fear" numframes="750" framerate="40">
  <frame idx="0" w="120" h="127" x="-36.051052" y="-38.851124">
   <element name="frame_circle" layername="frame_circle" frame="0" z_index="5" m_a="0.499985" m_b="0.000000" m_c="0.000000" m_d="0.499985" m_tx="0.000000" m_ty="0.000000"/>
  </frame>
  <frame idx="25" w="120" h="127" x="-36.051052" y="-38.851124">
   <element name="frame_circle" layername="frame_circle" frame="0" z_index="5" m_a="0.499985" m_b="0.000000" m_c="0.000000" m_d="0.499985" m_tx="0.000000" m_ty="0.000000"/>
  </frame>
  <frame idx="50" w="120" h="127" x="-36.051052" y="-38.851124">
   <element name="frame_circle" layername="frame_circle" frame="0" z_index="5" m_a="0.499985" m_b="0.000000" m_c="0.000000" m_d="0.499985" m_tx="0.000000" m_ty="0.000000"/>
  </frame>
  <frame idx="75" w="120" h="127" x="-36.051052" y="-38.851124">
   <element name="frame_circle" layername="frame_circle" frame="0" z_index="5" m_a="0.499985" m_b="0.000000" m_c="0.000000" m_d="0.499985" m_tx="0.000000" m_ty="0.000000"/>
  </frame>
  <frame idx="100" w="120" h="127" x="-36.051052" y="-38.851124">
   <element name="frame_circle" layername="frame_circle" frame="0" z_index="5" m_a="0.499985" m_b="0.000000" m_c="0.000000" m_d="0.499985" m_tx="0.000000" m_ty="0.000000"/>
  </frame>
  <frame idx="125" w="120" h="127" x="-36.051052" y="-38.851124">
   <element name="frame_circle" layername="frame_circle" frame="0" z_index="5" m_a="0.499985" m_b="0.000000" m_c="0.000000" m_d="0.499985" m_tx="0.000000" m_ty="0.000000"/>
  </frame>
  <frame idx="150" w="120" h="127" x="-36.051052" y="-38.851124">
   <element name="frame_circle" layername="frame_circle" frame="0" z_index="5" m_a="0.499985" m_b="0.000000" m_c="0.000000" m_d="0.499985" m_tx="0.000000" m_ty="0.000000"/>
  </frame>
  <frame idx="175" w="120" h="127" x="-36.051052" y="-38.851124">
   <element name="frame_circle" layername="frame_circle" frame="0" z_index="5" m_a="0.499985" m_b="0.000000" m_c="0.000000" m_d="0.499985" m_tx="0.000000" m_ty="0.000000"/>
  </frame>
  <frame idx="200" w="120" h="127" x="-36.051052" y="-38.851124">
   <element name="frame_circle" layername="frame_circle" frame="0" z_index="5" m_a="0.499985" m_b="0.000000" m_c="0.000000" m_d="0.499985" m_tx="0.000000" m_ty="0.000000"/>
  </frame>
  <frame idx="225" w="120" h="127" x="-36.051052" y="-38.851124">
   <element name="frame_circle" layername="frame_circle" frame="0" z_index="5" m_a="0.499985" m_b="0.000000" m_c="0.000000" m_d="0.499985" m_tx="0.000000" m_ty="0.000000"/>
  </frame>
  <frame idx="250" w="120" h="127" x="-36.051052" y="-38.851124">
   <element name="frame_circle" layername="frame_circle" frame="0" z_index="5" m_a="0.499985" m_b="0.000000" m_c="0.000000" m_d="0.499985" m_tx="0.000000" m_ty="0.000000"/>
  </frame>
  <frame idx="275" w="120" h="127" x="-36.051052" y="-38.851124">
   <element name="frame_circle" layername="frame_circle" frame="0" z_index="5" m_a="0.499985" m_b="0.000000" m_c="0.000000" m_d="0.499985" m_tx="0.000000" m_ty="0.000000"/>
  </frame>
  <frame idx="300" w="120" h="127" x="-36.051052" y="-38.851124">
   <element name="frame_circle" layername="frame_circle" frame="0" z_index="5" m_a="0.499985" m_b="0.000000" m_c="0.000000" m_d="0.499985" m_tx="0.000000" m_ty="0.000000"/>
  </frame>
  <frame idx="325" w="120" h="127" x="-36.051052" y="-38.851124">
   <element name="frame_circle" layername="frame_circle" frame="0" z_index="5" m_a="0.499985" m_b="0.000000" m_c="0.000000" m_d="0.499985" m_tx="0.000000" m_ty="0.000000"/>
  </frame>
  <frame idx="350" w="120" h="127" x="-36.051052" y="-38.851124">
   <element name="frame_circle" layername="frame_circle" frame="0" z_index="5" m_a="0.499985" m_b="0.000000" m_c="0.000000" m_d="0.499985" m_tx="0.000000" m_ty="0.000000"/>
  </frame>
  <frame idx="375" w="120" h="127" x="-36.051052" y="-38.851124">
   <element name="frame_circle" layername="frame_circle" frame="0" z_index="5" m_a="0.499985" m_b="0.000000" m_c="0.000000" m_d="0.499985" m_tx="0.000000" m_ty="0.000000"/>
  </frame>
  <frame idx="400" w="120" h="127" x="-36.051052" y="-38.851124">
   <element name="frame_circle" layername="frame_circle" frame="0" z_index="5" m_a="0.499985" m_b="0.000000" m_c="0.000000" m_d="0.499985" m_tx="0.000000" m_ty="0.000000"/>
  </frame>
  <frame idx="425" w="120" h="127" x="-36.051052" y="-38.851124">
   <element name="frame_circle" layername="frame_circle" frame="0" z_index="5" m_a="0.499985" m_b="0.000000" m_c="0.000000" m_d="0.499985" m_tx="0.000000" m_ty="0.000000"/>
  </frame>
  <frame idx="450" w="120" h="127" x="-36.051052" y="-38.851124">
   <element name="frame_circle" layername="frame_circle" frame="0" z_index="5" m_a="0.499985" m_b="0.000000" m_c="0.000000" m_d="0.499985" m_tx="0.000000" m_ty="0.000000"/>
  </frame>
  <frame idx="475" w="120" h="127" x="-36.051052" y="-38.851124">
   <element name="frame_circle" layername="frame_circle" frame="0" z_index="5" m_a="0.499985" m_b="0.000000" m_c="0.000000" m_d="0.499985" m_tx="0.000000" m_ty="0.000000"/>
  </frame>
  <frame idx="500" w="120" h="127" x="-36.051052" y="-38.851124">
   <element name="frame_circle" layername="frame_circle" frame="0" z_index="5" m_a="0.499985" m_b="0.000000" m_c="0.000000" m_d="0.499985" m_tx="0.000000" m_ty="0.000000"/>
  </frame>
  <frame idx="525" w="120" h="127" x="-36.051052" y="-38.851124">
   <element name="frame_circle" layername="frame_circle" frame="0" z_index="5" m_a="0.499985" m_b="0.000000" m_c="0.000000" m_d="0.499985" m_tx="0.000000" m_ty="0.000000"/>
  </frame>
  <frame idx="550" w="120" h="127" x="-36.051052" y="-38.851124">
   <element name="frame_circle" layername="frame_circle" frame="0" z_index="5" m_a="0.499985" m_b="0.000000" m_c="0.000000" m_d="0.499985" m_tx="0.000000" m_ty="0.000000"/>
  </frame>
  <frame idx="575" w="120" h="127" x="-36.051052" y="-38.851124">
   <element name="frame_circle" layername="frame_circle" frame="0" z_index="5" m_a="0.499985" m_b="0.000000" m_c="0.000000" m_d="0.499985" m_tx="0.000000" m_ty="0.000000"/>
  </frame>
  <frame idx="600" w="120" h="127" x="-36.051052" y="-38.851124">
   <element name="frame_circle" layername="frame_circle" frame="0" z_index="5" m_a="0.499985" m_b="0.000000" m_c="0.000000" m_d="0.499985" m_tx="0.000000" m_ty="0.000000"/>
  </frame>
  <frame idx="625" w="120" h="127" x="-36.051052" y="-38.851124">
   <element name="frame_circle" layername="frame_circle" frame="0" z_index="5" m_a="0.499985" m_b="0.000000" m_c="0.000000" m_d="0.499985" m_tx="0.000000" m_ty="0.000000"/>
  </frame>
  <frame idx="650" w="120" h="127" x="-36.051052" y="-38.851124">
   <element name="frame_circle" layername="frame_circle" frame="0" z_index="5" m_a="0.499985" m_b="0.000000" m_c="0.000000" m_d="0.499985" m_tx="0.000000" m_ty="0.000000"/>
  </frame>
  <frame idx="675" w="120" h="127" x="-36.051052" y="-38.851124">
   <element name="frame_circle" layername="frame_circle" frame="0" z_index="5" m_a="0.499985" m_b="0.000000" m_c="0.000000" m_d="0.499985" m_tx="0.000000" m_ty="0.000000"/>
  </frame>
  <frame idx="700" w="120" h="127" x="-36.051052" y="-38.851124">
   <element name="frame_circle" layername="frame_circle" frame="0" z_index="5" m_a="0.499985" m_b="0.000000" m_c="0.000000" m_d="0.499985" m_tx="0.000000" m_ty="0.000000"/>
  </frame>
  <frame idx="725" w="120" h="127" x="-36.051052" y="-38.851124">
   <element name="frame_circle" layername="frame_circle" frame="0" z_index="5" m_a="0.499985" m_b="0.000000" m_c="0.000000" m_d="0.499985" m_tx="0.000000" m_ty="0.000000"/>
  </frame>
 </anim>
 <anim name="open" root="status_meter_fear" numframes="200" framerate="40">
  <frame idx="0" w="132" h="112" x="-24.228973" y="-53.430115">
   <element name="frame_circle" layername="frame_circle" frame="0" z_index="4" m_a="0.477478" m_b="0.000000" m_c="0.000000" m_d="0.047989" m_tx="0.000000" m_ty="0.000000"/>
   <element name="bg" layername="bg" frame="0" z_index="5" m_a="0.827667" m_b="0.000000" m_c="0.000000" m_d="0.083191" m_tx="0.000000" m_ty="0.000000"/>
  </frame>
  <frame idx="25" w="134" h="117" x="-23.700436" y="-47.938354">
   <element name="frame_circle" layername="frame_circle" frame="0" z_index="4" m_a="0.485646" m_b="0.000000" m_c="0.000000" m_d="0.135110" m_tx="0.036765" m_ty="0.036765"/>
   <element name="bg" layername="bg" frame="0" z_index="5" m_a="0.841838" m_b="0.000000" m_c="0.000000" m_d="0.234208" m_tx="0.000000" m_ty="0.073529"/>
  </frame>
  <frame idx="50" w="135" h="131" x="-22.512360" y="-35.241756">
   <element name="frame_circle" layername="frame_circle" frame="0" z_index="4" m_a="0.504774" m_b="0.000000" m_c="0.000000" m_d="0.338837" m_tx="0.025758" m_ty="0.025758"/>
   <element name="bg" layername="bg" frame="0" z_index="5" m_a="0.874993" m_b="0.000000" m_c="0.000000" m_d="0.587350" m_tx="0.000000" m_ty="0.051515"/>
  </frame>
  <frame idx="75" w="136" h="143" x="-21.670815" y="-24.473934">
   <element name="frame_circle" layername="frame_circle" frame="0" z_index="4" m_a="0.518459" m_b="0.000000" m_c="0.000000" m_d="0.512076" m_tx="0.000991" m_ty="-0.010664"/>
   <element name="bg" layername="bg" frame="0" z_index="5" m_a="0.898713" m_b="0.000000" m_c="0.000000" m_d="0.887650" m_tx="0.000000" m_ty="0.001981"/>
  </frame>
  <frame idx="100" w="135" h="143" x="-22.215172" y="-24.640175">
   <element name="frame_circle" layername="frame_circle" frame="0" z_index="4" m_a="0.509735" m_b="0.000000" m_c="0.000000" m_d="0.509735" m_tx="0.000000" m_ty="-0.050000"/>
   <element name="bg" layername="bg" frame="0" z_index="5" m_a="0.883606" m_b="0.000000" m_c="0.000000" m_d="0.883606" m_tx="0.000000" m_ty="0.000000"/>
  </frame>
  <frame idx="125" w="135" h="142" x="-22.552025" y="-24.977028">
   <element name="frame_circle" layername="frame_circle" frame="0" z_index="4" m_a="0.504350" m_b="0.000000" m_c="0.000000" m_d="0.504350" m_tx="0.000000" m_ty="-0.050000"/>
   <element name="bg" layername="bg" frame="0" z_index="5" m_a="0.874249" m_b="0.000000" m_c="0.000000" m_d="0.874249" m_tx="0.000000" m_ty="0.000000"/>
  </frame>
  <frame idx="150" w="135" h="142" x="-22.746819" y="-25.159702">
   <element name="frame_circle" layername="frame_circle" frame="0" z_index="4" m_a="0.501235" m_b="0.000000" m_c="0.000000" m_d="0.501235" m_tx="0.000000" m_ty="-0.025758"/>
   <element name="bg" layername="bg" frame="0" z_index="5" m_a="0.868838" m_b="0.000000" m_c="0.000000" m_d="0.868838" m_tx="0.000000" m_ty="0.000000"/>
  </frame>
  <frame idx="175" w="135" h="142" x="-22.824902" y="-25.224907">
   <element name="frame_circle" layername="frame_circle" frame="0" z_index="4" m_a="0.499985" m_b="0.000000" m_c="0.000000" m_d="0.499985" m_tx="0.000000" m_ty="0.000000"/>
   <element name="bg" layername="bg" frame="0" z_index="5" m_a="0.866669" m_b="0.000000" m_c="0.000000" m_d="0.866669" m_tx="0.000000" m_ty="0.000000"/>
  </frame>
 </anim>
</Anims>
