<Anims>
 <anim name="opened" root="mega_freezer" numframes="1000" framerate="40">
  <frame idx="0" w="521" h="568" x="0.500000" y="-116.000000">
   <element name="symbol0" layername="opened" frame="0" z_index="2" m_a="1.000000" m_b="0.000000" m_c="0.000000" m_d="1.000000" m_tx="-236.000000" m_ty="-316.000000"/>
  </frame>
  <frame idx="25" w="521" h="568" x="0.500000" y="-116.000000">
   <element name="symbol0" layername="opened" frame="0" z_index="2" m_a="1.000000" m_b="0.000000" m_c="0.000000" m_d="1.000000" m_tx="-236.000000" m_ty="-316.000000"/>
  </frame>
  <frame idx="50" w="521" h="568" x="0.500000" y="-116.000000">
   <element name="symbol0" layername="opened" frame="0" z_index="2" m_a="1.000000" m_b="0.000000" m_c="0.000000" m_d="1.000000" m_tx="-236.000000" m_ty="-316.000000"/>
  </frame>
  <frame idx="75" w="521" h="568" x="0.500000" y="-116.000000">
   <element name="symbol0" layername="opened" frame="0" z_index="2" m_a="1.000000" m_b="0.000000" m_c="0.000000" m_d="1.000000" m_tx="-236.000000" m_ty="-316.000000"/>
  </frame>
  <frame idx="100" w="521" h="568" x="0.500000" y="-116.000000">
   <element name="symbol0" layername="opened" frame="0" z_index="2" m_a="1.000000" m_b="0.000000" m_c="0.000000" m_d="1.000000" m_tx="-236.000000" m_ty="-316.000000"/>
  </frame>
  <frame idx="125" w="521" h="568" x="0.500000" y="-116.000000">
   <element name="symbol0" layername="opened" frame="0" z_index="2" m_a="1.000000" m_b="0.000000" m_c="0.000000" m_d="1.000000" m_tx="-236.000000" m_ty="-316.000000"/>
  </frame>
  <frame idx="150" w="521" h="568" x="0.500000" y="-116.000000">
   <element name="symbol0" layername="opened" frame="0" z_index="2" m_a="1.000000" m_b="0.000000" m_c="0.000000" m_d="1.000000" m_tx="-236.000000" m_ty="-316.000000"/>
  </frame>
  <frame idx="175" w="521" h="568" x="0.500000" y="-116.000000">
   <element name="symbol0" layername="opened" frame="0" z_index="2" m_a="1.000000" m_b="0.000000" m_c="0.000000" m_d="1.000000" m_tx="-236.000000" m_ty="-316.000000"/>
  </frame>
  <frame idx="200" w="521" h="568" x="0.500000" y="-116.000000">
   <element name="symbol0" layername="opened" frame="0" z_index="2" m_a="1.000000" m_b="0.000000" m_c="0.000000" m_d="1.000000" m_tx="-236.000000" m_ty="-316.000000"/>
  </frame>
  <frame idx="225" w="521" h="568" x="0.500000" y="-116.000000">
   <element name="symbol0" layername="opened" frame="0" z_index="2" m_a="1.000000" m_b="0.000000" m_c="0.000000" m_d="1.000000" m_tx="-236.000000" m_ty="-316.000000"/>
  </frame>
  <frame idx="250" w="521" h="568" x="0.500000" y="-116.000000">
   <element name="symbol0" layername="opened" frame="0" z_index="2" m_a="1.000000" m_b="0.000000" m_c="0.000000" m_d="1.000000" m_tx="-236.000000" m_ty="-316.000000"/>
  </frame>
  <frame idx="275" w="521" h="568" x="0.500000" y="-116.000000">
   <element name="symbol0" layername="opened" frame="0" z_index="2" m_a="1.000000" m_b="0.000000" m_c="0.000000" m_d="1.000000" m_tx="-236.000000" m_ty="-316.000000"/>
  </frame>
  <frame idx="300" w="521" h="568" x="0.500000" y="-116.000000">
   <element name="symbol0" layername="opened" frame="0" z_index="2" m_a="1.000000" m_b="0.000000" m_c="0.000000" m_d="1.000000" m_tx="-236.000000" m_ty="-316.000000"/>
  </frame>
  <frame idx="325" w="521" h="568" x="0.500000" y="-116.000000">
   <element name="symbol0" layername="opened" frame="0" z_index="2" m_a="1.000000" m_b="0.000000" m_c="0.000000" m_d="1.000000" m_tx="-236.000000" m_ty="-316.000000"/>
  </frame>
  <frame idx="350" w="521" h="568" x="0.500000" y="-116.000000">
   <element name="symbol0" layername="opened" frame="0" z_index="2" m_a="1.000000" m_b="0.000000" m_c="0.000000" m_d="1.000000" m_tx="-236.000000" m_ty="-316.000000"/>
  </frame>
  <frame idx="375" w="521" h="568" x="0.500000" y="-116.000000">
   <element name="symbol0" layername="opened" frame="0" z_index="2" m_a="1.000000" m_b="0.000000" m_c="0.000000" m_d="1.000000" m_tx="-236.000000" m_ty="-316.000000"/>
  </frame>
  <frame idx="400" w="521" h="568" x="0.500000" y="-116.000000">
   <element name="symbol0" layername="opened" frame="0" z_index="2" m_a="1.000000" m_b="0.000000" m_c="0.000000" m_d="1.000000" m_tx="-236.000000" m_ty="-316.000000"/>
  </frame>
  <frame idx="425" w="521" h="568" x="0.500000" y="-116.000000">
   <element name="symbol0" layername="opened" frame="0" z_index="2" m_a="1.000000" m_b="0.000000" m_c="0.000000" m_d="1.000000" m_tx="-236.000000" m_ty="-316.000000"/>
  </frame>
  <frame idx="450" w="521" h="568" x="0.500000" y="-116.000000">
   <element name="symbol0" layername="opened" frame="0" z_index="2" m_a="1.000000" m_b="0.000000" m_c="0.000000" m_d="1.000000" m_tx="-236.000000" m_ty="-316.000000"/>
  </frame>
  <frame idx="475" w="521" h="568" x="0.500000" y="-116.000000">
   <element name="symbol0" layername="opened" frame="0" z_index="2" m_a="1.000000" m_b="0.000000" m_c="0.000000" m_d="1.000000" m_tx="-236.000000" m_ty="-316.000000"/>
  </frame>
  <frame idx="500" w="521" h="568" x="0.500000" y="-116.000000">
   <element name="symbol0" layername="opened" frame="0" z_index="2" m_a="1.000000" m_b="0.000000" m_c="0.000000" m_d="1.000000" m_tx="-236.000000" m_ty="-316.000000"/>
  </frame>
  <frame idx="525" w="521" h="568" x="0.500000" y="-116.000000">
   <element name="symbol0" layername="opened" frame="0" z_index="2" m_a="1.000000" m_b="0.000000" m_c="0.000000" m_d="1.000000" m_tx="-236.000000" m_ty="-316.000000"/>
  </frame>
  <frame idx="550" w="521" h="568" x="0.500000" y="-116.000000">
   <element name="symbol0" layername="opened" frame="0" z_index="2" m_a="1.000000" m_b="0.000000" m_c="0.000000" m_d="1.000000" m_tx="-236.000000" m_ty="-316.000000"/>
  </frame>
  <frame idx="575" w="521" h="568" x="0.500000" y="-116.000000">
   <element name="symbol0" layername="opened" frame="0" z_index="2" m_a="1.000000" m_b="0.000000" m_c="0.000000" m_d="1.000000" m_tx="-236.000000" m_ty="-316.000000"/>
  </frame>
  <frame idx="600" w="521" h="568" x="0.500000" y="-116.000000">
   <element name="symbol0" layername="opened" frame="0" z_index="2" m_a="1.000000" m_b="0.000000" m_c="0.000000" m_d="1.000000" m_tx="-236.000000" m_ty="-316.000000"/>
  </frame>
  <frame idx="625" w="521" h="568" x="0.500000" y="-116.000000">
   <element name="symbol0" layername="opened" frame="0" z_index="2" m_a="1.000000" m_b="0.000000" m_c="0.000000" m_d="1.000000" m_tx="-236.000000" m_ty="-316.000000"/>
  </frame>
  <frame idx="650" w="521" h="568" x="0.500000" y="-116.000000">
   <element name="symbol0" layername="opened" frame="0" z_index="2" m_a="1.000000" m_b="0.000000" m_c="0.000000" m_d="1.000000" m_tx="-236.000000" m_ty="-316.000000"/>
  </frame>
  <frame idx="675" w="521" h="568" x="0.500000" y="-116.000000">
   <element name="symbol0" layername="opened" frame="0" z_index="2" m_a="1.000000" m_b="0.000000" m_c="0.000000" m_d="1.000000" m_tx="-236.000000" m_ty="-316.000000"/>
  </frame>
  <frame idx="700" w="521" h="568" x="0.500000" y="-116.000000">
   <element name="symbol0" layername="opened" frame="0" z_index="2" m_a="1.000000" m_b="0.000000" m_c="0.000000" m_d="1.000000" m_tx="-236.000000" m_ty="-316.000000"/>
  </frame>
  <frame idx="725" w="521" h="568" x="0.500000" y="-116.000000">
   <element name="symbol0" layername="opened" frame="0" z_index="2" m_a="1.000000" m_b="0.000000" m_c="0.000000" m_d="1.000000" m_tx="-236.000000" m_ty="-316.000000"/>
  </frame>
  <frame idx="750" w="521" h="568" x="0.500000" y="-116.000000">
   <element name="symbol0" layername="opened" frame="0" z_index="2" m_a="1.000000" m_b="0.000000" m_c="0.000000" m_d="1.000000" m_tx="-236.000000" m_ty="-316.000000"/>
  </frame>
  <frame idx="775" w="521" h="568" x="0.500000" y="-116.000000">
   <element name="symbol0" layername="opened" frame="0" z_index="2" m_a="1.000000" m_b="0.000000" m_c="0.000000" m_d="1.000000" m_tx="-236.000000" m_ty="-316.000000"/>
  </frame>
  <frame idx="800" w="521" h="568" x="0.500000" y="-116.000000">
   <element name="symbol0" layername="opened" frame="0" z_index="2" m_a="1.000000" m_b="0.000000" m_c="0.000000" m_d="1.000000" m_tx="-236.000000" m_ty="-316.000000"/>
  </frame>
  <frame idx="825" w="521" h="568" x="0.500000" y="-116.000000">
   <element name="symbol0" layername="opened" frame="0" z_index="2" m_a="1.000000" m_b="0.000000" m_c="0.000000" m_d="1.000000" m_tx="-236.000000" m_ty="-316.000000"/>
  </frame>
  <frame idx="850" w="521" h="568" x="0.500000" y="-116.000000">
   <element name="symbol0" layername="opened" frame="0" z_index="2" m_a="1.000000" m_b="0.000000" m_c="0.000000" m_d="1.000000" m_tx="-236.000000" m_ty="-316.000000"/>
  </frame>
  <frame idx="875" w="521" h="568" x="0.500000" y="-116.000000">
   <element name="symbol0" layername="opened" frame="0" z_index="2" m_a="1.000000" m_b="0.000000" m_c="0.000000" m_d="1.000000" m_tx="-236.000000" m_ty="-316.000000"/>
  </frame>
  <frame idx="900" w="521" h="568" x="0.500000" y="-116.000000">
   <element name="symbol0" layername="opened" frame="0" z_index="2" m_a="1.000000" m_b="0.000000" m_c="0.000000" m_d="1.000000" m_tx="-236.000000" m_ty="-316.000000"/>
  </frame>
  <frame idx="925" w="521" h="568" x="0.500000" y="-116.000000">
   <element name="symbol0" layername="opened" frame="0" z_index="2" m_a="1.000000" m_b="0.000000" m_c="0.000000" m_d="1.000000" m_tx="-236.000000" m_ty="-316.000000"/>
  </frame>
  <frame idx="950" w="521" h="568" x="0.500000" y="-116.000000">
   <element name="symbol0" layername="opened" frame="0" z_index="2" m_a="1.000000" m_b="0.000000" m_c="0.000000" m_d="1.000000" m_tx="-236.000000" m_ty="-316.000000"/>
  </frame>
  <frame idx="975" w="521" h="568" x="0.500000" y="-116.000000">
   <element name="symbol0" layername="opened" frame="0" z_index="2" m_a="1.000000" m_b="0.000000" m_c="0.000000" m_d="1.000000" m_tx="-236.000000" m_ty="-316.000000"/>
  </frame>
 </anim>
 <anim name="closed" root="mega_freezer" numframes="1000" framerate="40">
  <frame idx="0" w="521" h="568" x="0.500000" y="-116.000000">
   <element name="symbol0" layername="closed" frame="1" z_index="2" m_a="1.000000" m_b="0.000000" m_c="0.000000" m_d="1.000000" m_tx="-236.000000" m_ty="-316.000000"/>
  </frame>
  <frame idx="25" w="521" h="568" x="0.500000" y="-116.000000">
   <element name="symbol0" layername="closed" frame="1" z_index="2" m_a="1.000000" m_b="0.000000" m_c="0.000000" m_d="1.000000" m_tx="-236.000000" m_ty="-316.000000"/>
  </frame>
  <frame idx="50" w="521" h="568" x="0.500000" y="-116.000000">
   <element name="symbol0" layername="closed" frame="1" z_index="2" m_a="1.000000" m_b="0.000000" m_c="0.000000" m_d="1.000000" m_tx="-236.000000" m_ty="-316.000000"/>
  </frame>
  <frame idx="75" w="521" h="568" x="0.500000" y="-116.000000">
   <element name="symbol0" layername="closed" frame="1" z_index="2" m_a="1.000000" m_b="0.000000" m_c="0.000000" m_d="1.000000" m_tx="-236.000000" m_ty="-316.000000"/>
  </frame>
  <frame idx="100" w="521" h="568" x="0.500000" y="-116.000000">
   <element name="symbol0" layername="closed" frame="1" z_index="2" m_a="1.000000" m_b="0.000000" m_c="0.000000" m_d="1.000000" m_tx="-236.000000" m_ty="-316.000000"/>
  </frame>
  <frame idx="125" w="521" h="568" x="0.500000" y="-116.000000">
   <element name="symbol0" layername="closed" frame="1" z_index="2" m_a="1.000000" m_b="0.000000" m_c="0.000000" m_d="1.000000" m_tx="-236.000000" m_ty="-316.000000"/>
  </frame>
  <frame idx="150" w="521" h="568" x="0.500000" y="-116.000000">
   <element name="symbol0" layername="closed" frame="1" z_index="2" m_a="1.000000" m_b="0.000000" m_c="0.000000" m_d="1.000000" m_tx="-236.000000" m_ty="-316.000000"/>
  </frame>
  <frame idx="175" w="521" h="568" x="0.500000" y="-116.000000">
   <element name="symbol0" layername="closed" frame="1" z_index="2" m_a="1.000000" m_b="0.000000" m_c="0.000000" m_d="1.000000" m_tx="-236.000000" m_ty="-316.000000"/>
  </frame>
  <frame idx="200" w="521" h="568" x="0.500000" y="-116.000000">
   <element name="symbol0" layername="closed" frame="1" z_index="2" m_a="1.000000" m_b="0.000000" m_c="0.000000" m_d="1.000000" m_tx="-236.000000" m_ty="-316.000000"/>
  </frame>
  <frame idx="225" w="521" h="568" x="0.500000" y="-116.000000">
   <element name="symbol0" layername="closed" frame="1" z_index="2" m_a="1.000000" m_b="0.000000" m_c="0.000000" m_d="1.000000" m_tx="-236.000000" m_ty="-316.000000"/>
  </frame>
  <frame idx="250" w="521" h="568" x="0.500000" y="-116.000000">
   <element name="symbol0" layername="closed" frame="1" z_index="2" m_a="1.000000" m_b="0.000000" m_c="0.000000" m_d="1.000000" m_tx="-236.000000" m_ty="-316.000000"/>
  </frame>
  <frame idx="275" w="521" h="568" x="0.500000" y="-116.000000">
   <element name="symbol0" layername="closed" frame="1" z_index="2" m_a="1.000000" m_b="0.000000" m_c="0.000000" m_d="1.000000" m_tx="-236.000000" m_ty="-316.000000"/>
  </frame>
  <frame idx="300" w="521" h="568" x="0.500000" y="-116.000000">
   <element name="symbol0" layername="closed" frame="1" z_index="2" m_a="1.000000" m_b="0.000000" m_c="0.000000" m_d="1.000000" m_tx="-236.000000" m_ty="-316.000000"/>
  </frame>
  <frame idx="325" w="521" h="568" x="0.500000" y="-116.000000">
   <element name="symbol0" layername="closed" frame="1" z_index="2" m_a="1.000000" m_b="0.000000" m_c="0.000000" m_d="1.000000" m_tx="-236.000000" m_ty="-316.000000"/>
  </frame>
  <frame idx="350" w="521" h="568" x="0.500000" y="-116.000000">
   <element name="symbol0" layername="closed" frame="1" z_index="2" m_a="1.000000" m_b="0.000000" m_c="0.000000" m_d="1.000000" m_tx="-236.000000" m_ty="-316.000000"/>
  </frame>
  <frame idx="375" w="521" h="568" x="0.500000" y="-116.000000">
   <element name="symbol0" layername="closed" frame="1" z_index="2" m_a="1.000000" m_b="0.000000" m_c="0.000000" m_d="1.000000" m_tx="-236.000000" m_ty="-316.000000"/>
  </frame>
  <frame idx="400" w="521" h="568" x="0.500000" y="-116.000000">
   <element name="symbol0" layername="closed" frame="1" z_index="2" m_a="1.000000" m_b="0.000000" m_c="0.000000" m_d="1.000000" m_tx="-236.000000" m_ty="-316.000000"/>
  </frame>
  <frame idx="425" w="521" h="568" x="0.500000" y="-116.000000">
   <element name="symbol0" layername="closed" frame="1" z_index="2" m_a="1.000000" m_b="0.000000" m_c="0.000000" m_d="1.000000" m_tx="-236.000000" m_ty="-316.000000"/>
  </frame>
  <frame idx="450" w="521" h="568" x="0.500000" y="-116.000000">
   <element name="symbol0" layername="closed" frame="1" z_index="2" m_a="1.000000" m_b="0.000000" m_c="0.000000" m_d="1.000000" m_tx="-236.000000" m_ty="-316.000000"/>
  </frame>
  <frame idx="475" w="521" h="568" x="0.500000" y="-116.000000">
   <element name="symbol0" layername="closed" frame="1" z_index="2" m_a="1.000000" m_b="0.000000" m_c="0.000000" m_d="1.000000" m_tx="-236.000000" m_ty="-316.000000"/>
  </frame>
  <frame idx="500" w="521" h="568" x="0.500000" y="-116.000000">
   <element name="symbol0" layername="closed" frame="1" z_index="2" m_a="1.000000" m_b="0.000000" m_c="0.000000" m_d="1.000000" m_tx="-236.000000" m_ty="-316.000000"/>
  </frame>
  <frame idx="525" w="521" h="568" x="0.500000" y="-116.000000">
   <element name="symbol0" layername="closed" frame="1" z_index="2" m_a="1.000000" m_b="0.000000" m_c="0.000000" m_d="1.000000" m_tx="-236.000000" m_ty="-316.000000"/>
  </frame>
  <frame idx="550" w="521" h="568" x="0.500000" y="-116.000000">
   <element name="symbol0" layername="closed" frame="1" z_index="2" m_a="1.000000" m_b="0.000000" m_c="0.000000" m_d="1.000000" m_tx="-236.000000" m_ty="-316.000000"/>
  </frame>
  <frame idx="575" w="521" h="568" x="0.500000" y="-116.000000">
   <element name="symbol0" layername="closed" frame="1" z_index="2" m_a="1.000000" m_b="0.000000" m_c="0.000000" m_d="1.000000" m_tx="-236.000000" m_ty="-316.000000"/>
  </frame>
  <frame idx="600" w="521" h="568" x="0.500000" y="-116.000000">
   <element name="symbol0" layername="closed" frame="1" z_index="2" m_a="1.000000" m_b="0.000000" m_c="0.000000" m_d="1.000000" m_tx="-236.000000" m_ty="-316.000000"/>
  </frame>
  <frame idx="625" w="521" h="568" x="0.500000" y="-116.000000">
   <element name="symbol0" layername="closed" frame="1" z_index="2" m_a="1.000000" m_b="0.000000" m_c="0.000000" m_d="1.000000" m_tx="-236.000000" m_ty="-316.000000"/>
  </frame>
  <frame idx="650" w="521" h="568" x="0.500000" y="-116.000000">
   <element name="symbol0" layername="closed" frame="1" z_index="2" m_a="1.000000" m_b="0.000000" m_c="0.000000" m_d="1.000000" m_tx="-236.000000" m_ty="-316.000000"/>
  </frame>
  <frame idx="675" w="521" h="568" x="0.500000" y="-116.000000">
   <element name="symbol0" layername="closed" frame="1" z_index="2" m_a="1.000000" m_b="0.000000" m_c="0.000000" m_d="1.000000" m_tx="-236.000000" m_ty="-316.000000"/>
  </frame>
  <frame idx="700" w="521" h="568" x="0.500000" y="-116.000000">
   <element name="symbol0" layername="closed" frame="1" z_index="2" m_a="1.000000" m_b="0.000000" m_c="0.000000" m_d="1.000000" m_tx="-236.000000" m_ty="-316.000000"/>
  </frame>
  <frame idx="725" w="521" h="568" x="0.500000" y="-116.000000">
   <element name="symbol0" layername="closed" frame="1" z_index="2" m_a="1.000000" m_b="0.000000" m_c="0.000000" m_d="1.000000" m_tx="-236.000000" m_ty="-316.000000"/>
  </frame>
  <frame idx="750" w="521" h="568" x="0.500000" y="-116.000000">
   <element name="symbol0" layername="closed" frame="1" z_index="2" m_a="1.000000" m_b="0.000000" m_c="0.000000" m_d="1.000000" m_tx="-236.000000" m_ty="-316.000000"/>
  </frame>
  <frame idx="775" w="521" h="568" x="0.500000" y="-116.000000">
   <element name="symbol0" layername="closed" frame="1" z_index="2" m_a="1.000000" m_b="0.000000" m_c="0.000000" m_d="1.000000" m_tx="-236.000000" m_ty="-316.000000"/>
  </frame>
  <frame idx="800" w="521" h="568" x="0.500000" y="-116.000000">
   <element name="symbol0" layername="closed" frame="1" z_index="2" m_a="1.000000" m_b="0.000000" m_c="0.000000" m_d="1.000000" m_tx="-236.000000" m_ty="-316.000000"/>
  </frame>
  <frame idx="825" w="521" h="568" x="0.500000" y="-116.000000">
   <element name="symbol0" layername="closed" frame="1" z_index="2" m_a="1.000000" m_b="0.000000" m_c="0.000000" m_d="1.000000" m_tx="-236.000000" m_ty="-316.000000"/>
  </frame>
  <frame idx="850" w="521" h="568" x="0.500000" y="-116.000000">
   <element name="symbol0" layername="closed" frame="1" z_index="2" m_a="1.000000" m_b="0.000000" m_c="0.000000" m_d="1.000000" m_tx="-236.000000" m_ty="-316.000000"/>
  </frame>
  <frame idx="875" w="521" h="568" x="0.500000" y="-116.000000">
   <element name="symbol0" layername="closed" frame="1" z_index="2" m_a="1.000000" m_b="0.000000" m_c="0.000000" m_d="1.000000" m_tx="-236.000000" m_ty="-316.000000"/>
  </frame>
  <frame idx="900" w="521" h="568" x="0.500000" y="-116.000000">
   <element name="symbol0" layername="closed" frame="1" z_index="2" m_a="1.000000" m_b="0.000000" m_c="0.000000" m_d="1.000000" m_tx="-236.000000" m_ty="-316.000000"/>
  </frame>
  <frame idx="925" w="521" h="568" x="0.500000" y="-116.000000">
   <element name="symbol0" layername="closed" frame="1" z_index="2" m_a="1.000000" m_b="0.000000" m_c="0.000000" m_d="1.000000" m_tx="-236.000000" m_ty="-316.000000"/>
  </frame>
  <frame idx="950" w="521" h="568" x="0.500000" y="-116.000000">
   <element name="symbol0" layername="closed" frame="1" z_index="2" m_a="1.000000" m_b="0.000000" m_c="0.000000" m_d="1.000000" m_tx="-236.000000" m_ty="-316.000000"/>
  </frame>
  <frame idx="975" w="521" h="568" x="0.500000" y="-116.000000">
   <element name="symbol0" layername="closed" frame="1" z_index="2" m_a="1.000000" m_b="0.000000" m_c="0.000000" m_d="1.000000" m_tx="-236.000000" m_ty="-316.000000"/>
  </frame>
 </anim>
</Anims>
